Quantitation Report - 2,,,,,,,,,,,,,
,,,,,,,,,,,,,
MS Integ Params:,,Known_IPLs_Marine_11_14_2018,,,,Quant Time:,11/16/2018 2:27:23 PM,,,,,,
Quant Method:,,Known_IPLs_Marine_11_14_2018_Known_IPLs_Marine_11_14_2018,,,,Data File:,QEF1630_OG37_T3-14-0-3_SC,,,,,,
Title:,,Assay name,,,,Acq On:,8/1/2018 2:53:36 AM,,,,,,
Last Update:,,11/16/2018 2:22:51 PM,,,,Sample:,,,,,,,
Data Acq Method:,,IPL_BEHamide_FullMS,,,,Comment:,,,,,,,
Operator:,,Thermo,,,,Vial:,RC8,,,,,,
Instrument:,,QEFocus,,,,Multiplr:,1.000,,,,,,
Response Via:,,Known_IPLs_Marine_11_14_2018.calx,,,,Quant Results File:,C:\TraceFinderData\4.0\Projects\IPLs\Known_IPLs_Marine_11_14_2018\Data\QEF1630_OG37_T3-14-0-3_SC.rsx,,,,,, 
,,,,,,,,,,,,,
Internal Standards,,,,,,,,,,,,,
,,,,,,,,,,,,,
#,Compound Name,,RT,Quan Peak,Response,Conc,Units,Dev (min),,,Flags,Manual Flag,
,,,,,,,,,,,,,
No data,,,,,,,,,,,,,
,,,,,,,,,,,,,
,,,,,,,,,,,,,
Surrogates,,,,,,,,,,,,,
,,,,,,,,,,,,,
#,Compound Name,,RT,Quan Peak,Response,Conc,Units,Dev (min),Spike Amt,Recovery,Flags,Manual Flag,
,,,,,,,,,,,,,
No data,,,,,,,,,,,,,
,,,,,,,,,,,,,
,,,,,,,,,,,,,
Target Compounds,,,,,,,,,,,,,
,,,,,,,,,,,,,
#,Compound Name,,RT,Quan Peak,Response,Conc,Units,Dev (min),,,Flags,Manual Flag,
1,ARCHAEOL,,N/F,653.68062,N/F,N/F,ng,N/F,,,,FALSE,
1,,,N/F,670.70717,N/F,,,N/F,,,,FALSE,
1,,,N/F,675.66257,N/F,,,N/F,,,,FALSE,
2,MGDG-36:5,,2.57,777.55112,1426,N/A,,-0.06,,,,FALSE,
2,,,N/F,794.57767,N/F,,,N/F,,,,FALSE,
2,,,N/F,799.53307,N/F,,,N/F,,,,FALSE,
3,MGDG-19:2,,N/F,549.36332,N/F,N/A,,N/F,,,,FALSE,
3,,,N/F,566.38987,N/F,,,N/F,,,,FALSE,
3,,,N/F,571.34527,N/F,,,N/F,,,,FALSE,
3,,,N/F,549.36332,N/F,,,N/F,,,,FALSE,
3,,,N/F,566.38987,N/F,,,N/F,,,,FALSE,
3,,,2.97,571.34527,,,,-0.07,,,,FALSE,
4,HPH-GDGT-1,,N/F,1703.37117,N/F,N/F,,N/F,,,,FALSE,
4,,,N/F,1720.39772,N/F,,,N/F,,,,FALSE,
4,,,N/F,1725.35312,N/F,,,N/F,,,,FALSE,
5,Gly-PDGT-0,,N/F,1491.39897,N/F,N/F,,N/F,,,,FALSE,
5,,,N/F,1508.42552,N/F,,,N/F,,,,FALSE,
5,,,N/F,1513.38091,N/F,,,N/F,,,,FALSE,
6,MGDG,,3.19,775.53547,762,N/A,,-0.06,,,,FALSE,
6,,,N/F,792.56202,N/F,,,N/F,,,,FALSE,
6,,,N/F,797.51742,N/F,,,N/F,,,,FALSE,
7,MGDG-34:1,,3.23,772.59332,210698,N/A,,-0.06,,,,FALSE,
7,,,N/F,755.56677,N/F,,,N/F,,,,FALSE,
7,,,N/F,777.54872,N/F,,,N/F,,,,FALSE,
8,Gly-GDGT-4,,N/F,1455.30507,N/F,N/F,,N/F,,,,FALSE,
8,,,N/F,1472.33162,N/F,,,N/F,,,,FALSE,
8,,,N/F,1477.28701,N/F,,,N/F,,,,FALSE,
9,MGDG-36:8,,3.28,771.50417,1017,N/A,,-0.07,,,,FALSE,
9,,,N/F,788.53072,N/F,,,N/F,,,,FALSE,
9,,,N/F,793.48612,N/F,,,N/F,,,,FALSE,
10,Gly-GDGT-0,,N/F,1463.36767,N/F,N/A,,N/F,,,,FALSE,
10,,,3.35,1480.39422,,,,-0.01,,,,FALSE,
10,,,N/F,1485.34961,N/F,,,N/F,,,,FALSE,
11,MGDG-36:9,,N/F,769.48852,N/F,N/F,,N/F,,,,FALSE,
11,,,N/F,786.51507,N/F,,,N/F,,,,FALSE,
11,,,N/F,791.47047,N/F,,,N/F,,,,FALSE,
12,MGDG-30:1,,3.38,718.54637,56256264,N/A,,-0.02,,,,FALSE,
12,,,3.39,723.50177,,,,-0.01,,,,FALSE,
12,,,3.39,701.51982,,,,-0.01,,,,FALSE,
13,MGDG-36:10,,3.37,784.49942,15070,N/A,,-0.03,,,,FALSE,
13,,,N/F,767.47287,N/F,,,N/F,,,,FALSE,
13,,,3.47,789.45482,,,,0.07,,,,FALSE,
14,Gly-GDGT-2,,N/F,1459.33637,N/F,N/F,,N/F,,,,FALSE,
14,,,N/F,1476.36292,N/F,,,N/F,,,,FALSE,
14,,,N/F,1481.31831,N/F,,,N/F,,,,FALSE,
15,Gly-GDGT-1,,N/F,1461.35202,N/F,N/F,,N/F,,,,FALSE,
15,,,N/F,1478.37857,N/F,,,N/F,,,,FALSE,
15,,,N/F,1483.33396,N/F,,,N/F,,,,FALSE,
16,MGDG-28:0,,3.48,692.53072,33367094,N/A,,0.01,,,,FALSE,
16,,,3.48,697.48612,,,,0.01,,,,FALSE,
16,,,3.48,675.50417,,,,0.01,,,,FALSE,
17,Gly-OH-GDGT-1,,N/F,1477.34693,N/F,N/F,,N/F,,,,FALSE,
17,,,N/F,1494.37348,N/F,,,N/F,,,,FALSE,
17,,,N/F,1499.32888,N/F,,,N/F,,,,FALSE,
18,MGDG-34:5,,3.45,747.50417,1434,N/A,,-0.07,,,,FALSE,
18,,,N/F,764.53072,N/F,,,N/F,,,,FALSE,
18,,,N/F,769.48612,N/F,,,N/F,,,,FALSE,
19,MGDG-36:4,,3.48,779.56677,4136,N/A,,-0.04,,,,FALSE,
19,,,N/F,796.59332,N/F,,,N/F,,,,FALSE,
19,,,3.54,801.54872,,,,0.02,,,,FALSE,
20,MGDG-32:1,,N/F,749.51742,N/F,N/F,,N/F,,,,FALSE,
20,,,N/F,727.53547,N/F,,,N/F,,,,FALSE,
20,,,N/F,744.56202,N/F,,,N/F,,,,FALSE,
21,MGDG-34:7,,N/F,743.47287,N/F,N/F,,N/F,,,,FALSE,
21,,,N/F,760.49942,N/F,,,N/F,,,,FALSE,
21,,,N/F,765.45482,N/F,,,N/F,,,,FALSE,
22,MGDG-36:2,,3.56,800.62462,268295,N/A,,0.02,,,,FALSE,
22,,,3.56,805.58002,,,,0.02,,,,FALSE,
22,,,N/F,783.59808,N/F,,,N/F,,,,FALSE,
23,MGDG-37:3,,3.55,814.64027,101848,N/A,,0.00,,,,FALSE,
23,,,N/F,797.61373,N/F,,,N/F,,,,FALSE,
23,,,3.58,819.59567,,,,0.03,,,,FALSE,
24,MGDG-32:2,,3.64,742.54637,651,N/A,,0.04,,,,FALSE,
24,,,N/F,725.51982,N/F,,,N/F,,,,FALSE,
24,,,N/F,747.50177,N/F,,,N/F,,,,FALSE,
25,HPH-GDGT-5,,N/F,1695.30857,N/F,N/F,,N/F,,,,FALSE,
25,,,N/F,1712.33512,N/F,,,N/F,,,,FALSE,
25,,,N/F,1717.29052,N/F,,,N/F,,,,FALSE,
26,MGDG-33:0,,3.68,760.59332,68448,N/A,,0.06,,,,FALSE,
26,,,N/F,743.56677,N/F,,,N/F,,,,FALSE,
26,,,N/F,765.54872,N/F,,,N/F,,,,FALSE,
27,MGDG-31:0,,N/F,717.55112,N/F,N/F,,N/F,,,,FALSE,
27,,,N/F,734.57767,N/F,,,N/F,,,,FALSE,
27,,,N/F,739.53307,N/F,,,N/F,,,,FALSE,
28,MGDG-32:0,,N/F,729.55112,N/F,N/A,,N/F,,,,FALSE,
28,,,N/F,746.57767,N/F,,,N/F,,,,FALSE,
28,,,3.61,751.53307,,,,-0.02,,,,FALSE,
29,MGDG-31:1,,N/F,715.53547,N/F,N/F,,N/F,,,,FALSE,
29,,,N/F,732.56202,N/F,,,N/F,,,,FALSE,
29,,,N/F,737.51742,N/F,,,N/F,,,,FALSE,
30,MGDG-36:0,,N/F,787.62938,N/F,N/A,,N/F,,,,FALSE,
30,,,N/F,804.65592,N/F,,,N/F,,,,FALSE,
30,,,3.69,809.61132,,,,0.04,,,,FALSE,
31,MGDG-28:1,,3.65,673.48852,607,N/A,,-0.01,,,,FALSE,
31,,,N/F,690.51507,N/F,,,N/F,,,,FALSE,
31,,,N/F,695.47047,N/F,,,N/F,,,,FALSE,
32,Gly-GDGT-3,,N/F,1457.32072,N/F,N/F,,N/F,,,,FALSE,
32,,,N/F,1474.34727,N/F,,,N/F,,,,FALSE,
32,,,N/F,1479.30266,N/F,,,N/F,,,,FALSE,
33,MGDG-30:2,,3.70,699.50417,91861,N/A,,0.02,,,,FALSE,
33,,,N/F,716.53072,N/F,,,N/F,,,,FALSE,
33,,,N/F,721.48612,N/F,,,N/F,,,,FALSE,
34,MGDG-30:3,,N/F,697.48852,N/F,N/F,,N/F,,,,FALSE,
34,,,N/F,714.51507,N/F,,,N/F,,,,FALSE,
34,,,N/F,719.47047,N/F,,,N/F,,,,FALSE,
35,MGDG-30:0,,N/F,720.56202,N/F,N/A,,N/F,,,,FALSE,
35,,,3.86,725.51742,,,,0.04,,,,FALSE,
35,,,3.82,703.53547,,,,0.00,,,,FALSE,
36,HPH-GDGT-0,,N/F,1705.38682,N/F,N/F,,N/F,,,,FALSE,
36,,,N/F,1722.41337,N/F,,,N/F,,,,FALSE,
36,,,N/F,1727.36877,N/F,,,N/F,,,,FALSE,
37,HPH-GDGT-2,,N/F,1701.35552,N/F,N/F,,N/F,,,,FALSE,
37,,,N/F,1718.38207,N/F,,,N/F,,,,FALSE,
37,,,N/F,1723.33747,N/F,,,N/F,,,,FALSE,
38,Gly-GDGT-5,,N/F,1453.28942,N/F,N/F,,N/F,,,,FALSE,
38,,,N/F,1470.31597,N/F,,,N/F,,,,FALSE,
38,,,N/F,1475.27136,N/F,,,N/F,,,,FALSE,
39,MGDG-41:3,,N/F,853.67633,N/F,N/F,,N/F,,,,FALSE,
39,,,N/F,870.70287,N/F,,,N/F,,,,FALSE,
39,,,N/F,875.65827,N/F,,,N/F,,,,FALSE,
40,MGDG-27:2,,N/F,659.47287,N/F,N/F,,N/F,,,,FALSE,
40,,,N/F,676.49942,N/F,,,N/F,,,,FALSE,
40,,,N/F,681.45482,N/F,,,N/F,,,,FALSE,
41,MGDG-24:0,,N/F,619.44157,N/F,N/F,,N/F,,,,FALSE,
41,,,N/F,636.46812,N/F,,,N/F,,,,FALSE,
41,,,N/F,641.42352,N/F,,,N/F,,,,FALSE,
41,,,N/F,619.44157,N/F,,,N/F,,,,FALSE,
41,,,N/F,636.46812,N/F,,,N/F,,,,FALSE,
41,,,N/F,641.42352,N/F,,,N/F,,,,FALSE,
42,Gly-OH-GDGT-0,,N/F,1479.36258,N/F,N/F,,N/F,,,,FALSE,
42,,,N/F,1496.38913,N/F,,,N/F,,,,FALSE,
42,,,N/F,1501.34453,N/F,,,N/F,,,,FALSE,
43,Gly-OH-GDGT-4,,N/F,1471.29998,N/F,N/F,,N/F,,,,FALSE,
43,,,N/F,1488.32653,N/F,,,N/F,,,,FALSE,
43,,,N/F,1493.28193,N/F,,,N/F,,,,FALSE,
44,Gly-Cer-22:2,,N/F,586.43134,N/F,N/F,,N/F,,,,FALSE,
44,,,N/F,603.45789,N/F,,,N/F,,,,FALSE,
44,,,N/F,608.41329,N/F,,,N/F,,,,FALSE,
45,Gly-dGly-DAG-13:2,,N/F,607.29603,N/F,N/F,,N/F,,,,FALSE,
45,,,N/F,624.32258,N/F,,,N/F,,,,FALSE,
45,,,N/F,629.27798,N/F,,,N/F,,,,FALSE,
46,Gly-dGly-DAG-15:2,,N/F,635.32733,N/F,N/F,,N/F,,,,FALSE,
46,,,N/F,652.35388,N/F,,,N/F,,,,FALSE,
46,,,N/F,657.30928,N/F,,,N/F,,,,FALSE,
47,Gly-Cer-25:6,,N/F,592.38439,N/F,N/F,,N/F,,,,FALSE,
47,,,N/F,609.41094,N/F,,,N/F,,,,FALSE,
47,,,N/F,614.36634,N/F,,,N/F,,,,FALSE,
48,DGTS-40:1,,7.58,822.71813,25224,N/A,,0.04,,,,FALSE,
48,,,N/F,839.74468,N/F,,,N/F,,,,FALSE,
48,,,N/F,844.70008,N/F,,,N/F,,,,FALSE,
49,DGTS-36:2,,N/F,784.60617,N/F,N/F,,N/F,,,,FALSE,
49,,,N/F,762.62423,N/F,,,N/F,,,,FALSE,
49,,,N/F,779.65078,N/F,,,N/F,,,,FALSE,
50,Gly-Cer-21:6,,N/F,564.35309,N/F,N/F,,N/F,,,,FALSE,
50,,,N/F,581.37964,N/F,,,N/F,,,,FALSE,
50,,,N/F,586.33504,N/F,,,N/F,,,,FALSE,
51,1-GLC-CER,,N/F,728.60349,N/F,N/F,,N/F,,,,FALSE,
51,,,N/F,745.63004,N/F,,,N/F,,,,FALSE,
51,,,N/F,750.58544,N/F,,,N/F,,,,FALSE,
52,DGTS-36:4,,N/F,758.59293,N/F,N/F,,N/F,,,,FALSE,
52,,,N/F,780.57487,N/F,,,N/F,,,,FALSE,
52,,,N/F,775.61948,N/F,,,N/F,,,,FALSE,
53,DGTS-38:0,,N/F,786.62423,N/F,N/F,,N/F,,,,FALSE,
53,,,N/F,803.65078,N/F,,,N/F,,,,FALSE,
53,,,N/F,808.60617,N/F,,,N/F,,,,FALSE,
53,,,N/F,786.62423,N/F,,,N/F,,,,FALSE,
53,,,N/F,803.65078,N/F,,,N/F,,,,FALSE,
53,,,N/F,808.60617,N/F,,,N/F,,,,FALSE,
54,DGTS-33:1,,N/F,746.59052,N/F,N/A,,N/F,,,,FALSE,
54,,,7.71,724.60858,,,,0.07,,,,FALSE,
54,,,N/F,741.63513,N/F,,,N/F,,,,FALSE,
55,DGTS-34:2,,7.69,736.60858,772501,N/A,,0.03,,,,FALSE,
55,,,7.69,736.60858,,,,-0.08,,,,FALSE,
55,,,N/F,758.59052,N/F,,,N/F,,,,FALSE,
55,,,N/F,753.63513,N/F,,,N/F,,,,FALSE,
55,,,N/F,753.63513,N/F,,,N/F,,,,FALSE,
55,,,N/F,758.59052,N/F,,,N/F,,,,FALSE,
56,DGTS-38:5,,N/F,786.62423,N/F,N/F,,N/F,,,,FALSE,
56,,,N/F,803.65078,N/F,,,N/F,,,,FALSE,
56,,,N/F,808.60617,N/F,,,N/F,,,,FALSE,
57,DGTS-32:1,,7.75,710.59293,2609954,N/A,,0.06,,,,FALSE,
57,,,7.67,732.57487,,,,-0.02,,,,FALSE,
57,,,N/F,727.61948,N/F,,,N/F,,,,FALSE,
58,DGTS-37:5,,N/F,772.60858,N/F,N/F,,N/F,,,,FALSE,
58,,,N/F,789.63513,N/F,,,N/F,,,,FALSE,
58,,,N/F,794.59052,N/F,,,N/F,,,,FALSE,
59,DGTS-36:6,,N/F,754.56163,N/F,N/A,,N/F,,,,FALSE,
59,,,7.74,771.58818,,,,0.03,,,,FALSE,
59,,,7.73,776.54357,,,,0.02,,,,FALSE,
60,DGTS,,7.75,712.60858,3475970,N/A,,0.02,,,,FALSE,
60,,,7.70,734.59052,,,,-0.03,,,,FALSE,
60,,,7.72,729.63513,,,,-0.01,,,,FALSE,
61,DGTS-34:4,,7.70,732.57728,8258,N/A,,-0.03,,,,FALSE,
61,,,N/F,754.55922,N/F,,,N/F,,,,FALSE,
61,,,7.65,749.60383,,,,-0.08,,,,FALSE,
62,DGTS-30:1,,7.80,682.56163,3328595,N/A,,0.06,,,,FALSE,
62,,,7.74,704.54357,,,,0.00,,,,FALSE,
62,,,N/F,699.58818,N/F,,,N/F,,,,FALSE,
63,DGTS-36:5,,N/F,756.57728,N/F,N/F,,N/F,,,,FALSE,
63,,,N/F,756.57728,N/F,,,N/F,,,,FALSE,
63,,,N/F,773.60383,N/F,,,N/F,,,,FALSE,
63,,,N/F,778.55922,N/F,,,N/F,,,,FALSE,
63,,,N/F,756.57728,N/F,,,N/F,,,,FALSE,
63,,,N/F,773.60383,N/F,,,N/F,,,,FALSE,
63,,,N/F,778.55922,N/F,,,N/F,,,,FALSE,
63,,,N/F,773.60383,N/F,,,N/F,,,,FALSE,
63,,,N/F,778.55922,N/F,,,N/F,,,,FALSE,
64,DGTS-31:0,,7.79,698.59293,5250421,N/A,,0.03,,,,FALSE,
64,,,7.75,715.61948,,,,-0.01,,,,FALSE,
64,,,7.70,720.57487,,,,-0.06,,,,FALSE,
65,DGTS-29:0,,7.84,670.56163,20923385,N/A,,0.07,,,,FALSE,
65,,,7.81,687.58818,,,,0.04,,,,FALSE,
65,,,7.81,692.54357,,,,0.04,,,,FALSE,
66,DGTS-34:0,,7.71,740.63988,1745435,N/A,,-0.06,,,,FALSE,
66,,,N/F,757.66643,N/F,,,N/F,,,,FALSE,
66,,,N/F,738.62423,N/F,,,N/F,,,,FALSE,
66,,,8.23,755.65078,,,,0.04,,,,FALSE,
66,,,N/F,760.60617,N/F,,,N/F,,,,FALSE,
66,,,N/F,762.62183,N/F,,,N/F,,,,FALSE,
67,DGTS-34:1,,7.70,738.62423,2113096,N/A,,-0.07,,,,FALSE,
67,,,7.61,760.60617,,,,0.01,,,,FALSE,
67,,,N/F,738.62423,N/F,,,N/F,,,,FALSE,
67,,,N/F,755.65078,N/F,,,N/F,,,,FALSE,
67,,,7.74,755.65078,,,,-0.03,,,,FALSE,
67,,,N/F,760.60617,N/F,,,N/F,,,,FALSE,
68,DGTS-34:3,,7.70,734.59293,36401,N/A,,-0.07,,,,FALSE,
68,,,N/F,751.61948,N/F,,,N/F,,,,FALSE,
68,,,N/F,756.57487,N/F,,,N/F,,,,FALSE,
69,DGTS-35:1,,N/F,750.62423,N/F,N/F,,N/F,,,,FALSE,
69,,,N/F,767.65078,N/F,,,N/F,,,,FALSE,
69,,,N/F,772.60617,N/F,,,N/F,,,,FALSE,
70,DGTS-39:1,,N/F,808.70248,N/F,N/F,,N/F,,,,FALSE,
70,,,N/F,825.72903,N/F,,,N/F,,,,FALSE,
70,,,N/F,830.68443,N/F,,,N/F,,,,FALSE,
71,DGTS-28:1,,7.83,654.53033,5298868,N/A,,0.04,,,,FALSE,
71,,,7.85,676.51227,,,,0.06,,,,FALSE,
71,,,7.74,671.55688,,,,-0.05,,,,FALSE,
72,DGTS-37:2,,N/F,778.65553,N/F,N/F,,N/F,,,,FALSE,
72,,,N/F,795.68208,N/F,,,N/F,,,,FALSE,
72,,,N/F,800.63748,N/F,,,N/F,,,,FALSE,
73,DGTS-30:0,,7.82,684.57728,12542567,N/A,,0.01,,,,FALSE,
73,,,7.75,706.55922,,,,-0.06,,,,FALSE,
73,,,7.79,701.60383,,,,-0.02,,,,FALSE,
74,DGTS-36:3,,N/F,760.60858,N/F,N/F,,N/F,,,,FALSE,
74,,,N/F,777.63513,N/F,,,N/F,,,,FALSE,
74,,,N/F,782.59052,N/F,,,N/F,,,,FALSE,
75,DGTS-34:5,,N/F,730.56163,N/F,N/F,,N/F,,,,FALSE,
75,,,N/F,747.58818,N/F,,,N/F,,,,FALSE,
75,,,N/F,752.54357,N/F,,,N/F,,,,FALSE,
76,DGTS-34:6,,N/F,728.54598,N/F,N/F,,N/F,,,,FALSE,
76,,,N/F,745.57253,N/F,,,N/F,,,,FALSE,
76,,,N/F,750.52792,N/F,,,N/F,,,,FALSE,
77,DGTS-28:0,,7.87,656.54598,42310002,N/A,,0.01,,,,FALSE,
77,,,7.85,673.57253,,,,-0.01,,,,FALSE,
77,,,7.87,678.52792,,,,0.01,,,,FALSE,
78,DGTS-32:0,,7.90,712.60858,41281,N/A,,0.03,,,,FALSE,
78,,,N/F,729.63513,N/F,,,N/F,,,,FALSE,
78,,,N/F,734.59052,N/F,,,N/F,,,,FALSE,
79,DGTS-38:1,,N/F,794.68683,N/F,N/F,,N/F,,,,FALSE,
79,,,N/F,811.71338,N/F,,,N/F,,,,FALSE,
79,,,N/F,816.66878,N/F,,,N/F,,,,FALSE,
80,DGTS-26:2,,N/F,624.48338,N/F,N/F,,N/F,,,,FALSE,
80,,,N/F,641.50993,N/F,,,N/F,,,,FALSE,
80,,,N/F,646.46532,N/F,,,N/F,,,,FALSE,
81,DGTS-32:2,,N/F,708.57728,N/F,N/A,,N/F,,,,FALSE,
81,,,7.92,725.60383,,,,0.03,,,,FALSE,
81,,,N/F,730.55922,N/F,,,N/F,,,,FALSE,
82,DGTS-34:8,,N/F,712.51468,N/F,N/A,,N/F,,,,FALSE,
82,,,N/F,729.54123,N/F,,,N/F,,,,FALSE,
82,,,7.94,734.49662,,,,0.05,,,,FALSE,
83,DGTS-27:0,,7.91,642.53033,18556849,N/A,,0.01,,,,FALSE,
83,,,7.87,659.55688,,,,-0.03,,,,FALSE,
83,,,7.86,664.51227,,,,-0.04,,,,FALSE,
84,DGTS-32:3,,N/F,706.56163,N/F,N/F,,N/F,,,,FALSE,
84,,,N/F,723.58818,N/F,,,N/F,,,,FALSE,
84,,,N/F,728.54357,N/F,,,N/F,,,,FALSE,
85,DGTS-26:0,,7.94,628.51468,12012574,N/A,,0.00,,,,FALSE,
85,,,7.91,645.54123,,,,-0.03,,,,FALSE,
85,,,7.94,650.49662,,,,0.00,,,,FALSE,
86,DGTS-29:1,,N/F,668.54598,N/F,N/A,,N/F,,,,FALSE,
86,,,N/F,685.57253,N/F,,,N/F,,,,FALSE,
86,,,8.00,690.52792,,,,0.01,,,,FALSE,
87,DGTS-37:6,,N/F,770.59293,N/F,N/A,,N/F,,,,FALSE,
87,,,N/F,787.61948,N/F,,,N/F,,,,FALSE,
87,,,8.07,792.57487,,,,0.04,,,,FALSE,
88,DGTS-32:4,,N/F,704.54598,N/F,N/F,,N/F,,,,FALSE,
88,,,N/F,721.57253,N/F,,,N/F,,,,FALSE,
88,,,N/F,726.52792,N/F,,,N/F,,,,FALSE,
89,PG-DAG-26:0,,N/F,639.42316,N/F,N/F,,N/F,,,,FALSE,
89,,,N/F,656.44971,N/F,,,N/F,,,,FALSE,
89,,,N/F,661.40511,N/F,,,N/F,,,,FALSE,
90,DGTS-37:1,,N/F,780.67118,N/F,N/F,,N/F,,,,FALSE,
90,,,N/F,797.69773,N/F,,,N/F,,,,FALSE,
90,,,N/F,802.65313,N/F,,,N/F,,,,FALSE,
91,DGTS-35:0,,N/F,752.63988,N/F,N/A,,N/F,,,,FALSE,
91,,,8.07,769.66643,,,,-0.06,,,,FALSE,
91,,,N/F,774.62183,N/F,,,N/F,,,,FALSE,
92,DGTS-31:1,,8.07,696.57728,42292,N/A,,-0.07,,,,FALSE,
92,,,8.20,713.60383,,,,0.06,,,,FALSE,
92,,,N/F,718.55922,N/F,,,N/F,,,,FALSE,
93,DGTS-33:0,,N/F,714.62423,N/F,N/A,,N/F,,,,FALSE,
93,,,N/F,731.65078,N/F,,,N/F,,,,FALSE,
93,,,8.19,736.60617,,,,-0.02,,,,FALSE,
93,,,N/F,726.62423,N/F,,,N/F,,,,FALSE,
93,,,N/F,743.65078,N/F,,,N/F,,,,FALSE,
93,,,N/F,748.60617,N/F,,,N/F,,,,FALSE,
94,PDME-DAG-35:1,,8.30,760.58508,14171,N/A,,0.03,,,,FALSE,
94,,,N/F,777.61163,N/F,,,N/F,,,,FALSE,
94,,,N/F,782.56703,N/F,,,N/F,,,,FALSE,
95,DGTS-25:0,,8.25,614.49903,11587,N/A,,-0.08,,,,FALSE,
95,,,8.32,631.52558,,,,-0.01,,,,FALSE,
95,,,8.36,636.48097,,,,0.03,,,,FALSE,
96,C16PDME,,8.42,720.55378,253515,N/A,,0.04,,,,FALSE,
96,,,8.39,737.58033,,,,0.01,,,,FALSE,
96,,,N/F,742.53573,N/F,,,N/F,,,,FALSE,
97,DGTA-26:0,,N/F,628.51468,N/F,N/A,,N/F,,,,FALSE,
97,,,8.43,645.54123,,,,0.05,,,,FALSE,
97,,,N/F,650.49662,N/F,,,N/F,,,,FALSE,
98,DGTA-24:0,,N/F,600.48338,N/F,N/F,,N/F,,,,FALSE,
98,,,N/F,617.50993,N/F,,,N/F,,,,FALSE,
98,,,N/F,622.46532,N/F,,,N/F,,,,FALSE,
99,PDME-DAG-30:0,,8.49,692.52248,1322369,N/A,,0.03,,,,FALSE,
99,,,8.44,709.54903,,,,-0.02,,,,FALSE,
99,,,8.49,714.50443,,,,0.03,,,,FALSE,
100,DGTA-25:0,,N/F,614.49903,N/F,N/A,,N/F,,,,FALSE,
100,,,N/F,631.52558,N/F,,,N/F,,,,FALSE,
100,,,8.95,636.48097,,,,-0.05,,,,FALSE,
101,DGTA-32:1,,N/F,710.59293,N/F,N/F,,N/F,,,,FALSE,
101,,,N/F,727.61948,N/F,,,N/F,,,,FALSE,
101,,,N/F,732.57487,N/F,,,N/F,,,,FALSE,
102,DGTA-32:2,,N/F,708.57728,N/F,N/F,,N/F,,,,FALSE,
102,,,N/F,725.60383,N/F,,,N/F,,,,FALSE,
102,,,N/F,730.55922,N/F,,,N/F,,,,FALSE,
103,DGTA-33:1,,N/F,724.60858,N/F,N/F,,N/F,,,,FALSE,
103,,,N/F,741.63513,N/F,,,N/F,,,,FALSE,
103,,,N/F,746.59052,N/F,,,N/F,,,,FALSE,
104,DGTA-34:5,,N/F,730.56163,N/F,N/F,,N/F,,,,FALSE,
104,,,N/F,747.58818,N/F,,,N/F,,,,FALSE,
104,,,N/F,752.54357,N/F,,,N/F,,,,FALSE,
105,DGTA-36:2,,N/F,786.62183,N/F,N/A,,N/F,,,,FALSE,
105,,,9.57,764.63988,,,,0.07,,,,FALSE,
105,,,N/F,781.66643,N/F,,,N/F,,,,FALSE,
106,DGTA-38:6,,9.43,784.60858,15255,N/A,,-0.08,,,,FALSE,
106,,,9.51,801.63513,,,,0.00,,,,FALSE,
106,,,9.59,806.59052,,,,0.08,,,,FALSE,
107,DGTA-36:6,,N/F,756.57728,N/F,N/F,,N/F,,,,FALSE,
107,,,N/F,773.60383,N/F,,,N/F,,,,FALSE,
107,,,N/F,778.55922,N/F,,,N/F,,,,FALSE,
108,DGTA-35:1,,9.60,752.63988,223425,N/A,,0.07,,,,FALSE,
108,,,N/F,769.66643,N/F,,,N/F,,,,FALSE,
108,,,N/F,774.62183,N/F,,,N/F,,,,FALSE,
109,DGTA-38:5,,N/F,786.62423,N/F,N/F,,N/F,,,,FALSE,
109,,,N/F,803.65078,N/F,,,N/F,,,,FALSE,
109,,,N/F,808.60617,N/F,,,N/F,,,,FALSE,
110,DGTA-42:11,,9.59,830.59293,1053,N/A,,0.06,,,,FALSE,
110,,,N/F,847.61948,N/F,,,N/F,,,,FALSE,
110,,,9.56,852.57487,,,,0.03,,,,FALSE,
111,DGTA-44:11,,N/F,858.62423,N/F,N/F,,N/F,,,,FALSE,
111,,,N/F,875.65078,N/F,,,N/F,,,,FALSE,
111,,,N/F,880.60617,N/F,,,N/F,,,,FALSE,
112,DGTA-44:12,,9.54,856.60858,573,N/A,,0.01,,,,FALSE,
112,,,N/F,873.63513,N/F,,,N/F,,,,FALSE,
112,,,N/F,878.59052,N/F,,,N/F,,,,FALSE,
113,DGTA-38:0,,N/F,796.70248,N/F,N/F,,N/F,,,,FALSE,
113,,,N/F,813.72903,N/F,,,N/F,,,,FALSE,
113,,,N/F,818.68443,N/F,,,N/F,,,,FALSE,
114,DGTA-39:0,,N/F,810.71813,N/F,N/F,,N/F,,,,FALSE,
114,,,N/F,827.74468,N/F,,,N/F,,,,FALSE,
114,,,N/F,832.70008,N/F,,,N/F,,,,FALSE,
115,DGTA-40:10,,9.59,812.55615,174990,N/A,,0.04,,,,FALSE,
115,,,N/F,790.57421,N/F,,,N/F,,,,FALSE,
115,,,N/F,807.60076,N/F,,,N/F,,,,FALSE,
116,PME-DEG-38:4,,N/F,740.59525,N/F,N/F,,N/F,,,,FALSE,
116,,,N/F,757.6218,N/F,,,N/F,,,,FALSE,
116,,,N/F,762.5772,N/F,,,N/F,,,,FALSE,
117,DGTA-34:1,,9.55,760.60617,3361053,N/A,,-0.01,,,,FALSE,
117,,,9.63,738.62423,,,,0.07,,,,FALSE,
117,,,N/F,755.65078,N/F,,,N/F,,,,FALSE,
118,PG-DAG-34:1,,N/F,745.50141,N/F,N/A,,N/F,,,,FALSE,
118,,,9.59,762.52796,,,,0.03,,,,FALSE,
118,,,N/F,767.48336,N/F,,,N/F,,,,FALSE,
119,DGTA-21:0,,N/F,558.43643,N/F,N/A,,N/F,,,,FALSE,
119,,,N/F,575.46298,N/F,,,N/F,,,,FALSE,
119,,,9.51,580.41837,,,,-0.06,,,,FALSE,
120,DGTA-34:2,,9.64,736.60858,524849,N/A,,0.05,,,,FALSE,
120,,,N/F,758.59052,N/F,,,N/F,,,,FALSE,
120,,,N/F,753.63513,N/F,,,N/F,,,,FALSE,
121,PME-DAG-34:2,,N/F,730.53813,N/F,N/F,,N/F,,,,FALSE,
121,,,N/F,747.56468,N/F,,,N/F,,,,FALSE,
121,,,N/F,752.52008,N/F,,,N/F,,,,FALSE,
122,C16PA,,9.65,688.48878,12469,N/A,,0.03,,,,FALSE,
122,,,N/F,671.46223,N/F,,,N/F,,,,FALSE,
122,,,9.68,693.44417,,,,0.06,,,,FALSE,
123,DGTA-34:4,,9.60,732.57728,54702,N/A,,-0.02,,,,FALSE,
123,,,N/F,749.60383,N/F,,,N/F,,,,FALSE,
123,,,N/F,754.55922,N/F,,,N/F,,,,FALSE,
124,PME-DAG-33:1,,9.62,718.53813,68557,N/A,,0.00,,,,FALSE,
124,,,N/F,735.56468,N/F,,,N/F,,,,FALSE,
124,,,N/F,740.52008,N/F,,,N/F,,,,FALSE,
125,DGTA-30:0,,N/F,684.57728,N/F,N/A,,N/F,,,,FALSE,
125,,,N/F,701.60383,N/F,,,N/F,,,,FALSE,
125,,,9.70,706.55922,,,,0.06,,,,FALSE,
126,C16PME,,9.68,706.53813,287606,N/A,,0.03,,,,FALSE,
126,,,9.68,728.52008,,,,0.03,,,,FALSE,
126,,,N/F,723.56468,N/F,,,N/F,,,,FALSE,
127,C16-PE,,9.71,692.52248,573635,N/A,,0.05,,,,FALSE,
127,,,9.71,714.50443,,,,0.05,,,,FALSE,
127,,,N/F,709.54903,N/F,,,N/F,,,,FALSE,
128,DGTS-19:0,,N/F,530.40513,N/F,N/A,,N/F,,,,FALSE,
128,,,N/F,547.43168,N/F,,,N/F,,,,FALSE,
128,,,9.62,552.38707,,,,-0.04,,,,FALSE,
129,PME-DAG-30:0,,9.76,678.50683,1508799,N/A,,0.06,,,,FALSE,
129,,,9.76,700.48878,,,,0.06,,,,FALSE,
129,,,9.70,695.53338,,,,0.00,,,,FALSE,
130,DGTA-30:1,,9.77,682.56163,1320426,N/A,,0.06,,,,FALSE,
130,,,9.70,704.54357,,,,-0.01,,,,FALSE,
130,,,N/F,699.58818,N/F,,,N/F,,,,FALSE,
131,PME-DAG-31:0,,9.71,692.52248,575488,N/A,,-0.03,,,,FALSE,
131,,,9.71,714.50443,,,,-0.03,,,,FALSE,
131,,,N/F,709.54903,N/F,,,N/F,,,,FALSE,
132,PG-DAG-36:1,,9.81,792.57491,588673,N/A,,-0.02,,,,FALSE,
132,,,9.82,775.54836,,,,-0.01,,,,FALSE,
132,,,9.82,797.53031,,,,-0.01,,,,FALSE,
133,DGTA-29:0,,9.83,670.56163,25897897,N/A,,-0.01,,,,FALSE,
133,,,9.80,687.58818,,,,-0.04,,,,FALSE,
133,,,N/F,692.54357,N/F,,,N/F,,,,FALSE,
134,PME-DEG-36:5,,N/F,710.5483,N/F,N/F,,N/F,,,,FALSE,
134,,,N/F,727.57485,N/F,,,N/F,,,,FALSE,
134,,,N/F,732.53025,N/F,,,N/F,,,,FALSE,
135,PG-DAG-36:2,,9.81,792.57491,588673,N/A,,-0.04,,,,FALSE,
135,,,9.82,775.54836,,,,-0.03,,,,FALSE,
135,,,9.82,797.53031,,,,-0.03,,,,FALSE,
136,PME-DAG-29:4,,N/F,656.42858,N/F,N/F,,N/F,,,,FALSE,
136,,,N/F,673.45513,N/F,,,N/F,,,,FALSE,
136,,,N/F,678.41053,N/F,,,N/F,,,,FALSE,
137,PG-DAG-35:1,,9.89,785.53031,87151,N/A,,0.03,,,,FALSE,
137,,,9.87,763.54836,,,,0.01,,,,FALSE,
137,,,N/F,780.57491,N/F,,,N/F,,,,FALSE,
138,DGTA-28:0,,9.87,656.54598,10895787,N/A,,0.00,,,,FALSE,
138,,,9.83,673.57253,,,,-0.04,,,,FALSE,
138,,,N/F,678.52792,N/F,,,N/F,,,,FALSE,
139,PG-DAG-35:2,,9.83,778.55926,21430,N/A,,-0.05,,,,FALSE,
139,,,9.84,783.51466,,,,-0.04,,,,FALSE,
139,,,9.83,761.53271,,,,-0.05,,,,FALSE,
140,PG-DAG-34:2,,9.87,764.54361,487042,N/A,,-0.02,,,,FALSE,
140,,,9.88,747.51706,,,,-0.01,,,,FALSE,
140,,,9.89,769.49901,,,,0.00,,,,FALSE,
141,PG-DAG-30:1,,N/F,693.47011,N/F,N/F,,N/F,,,,FALSE,
141,,,N/F,710.49666,N/F,,,N/F,,,,FALSE,
141,,,N/F,715.45206,N/F,,,N/F,,,,FALSE,
142,PG-DAG-34:3,,9.86,762.52796,7773,N/A,,-0.04,,,,FALSE,
142,,,N/F,745.50141,N/F,,,N/F,,,,FALSE,
142,,,9.85,767.48336,,,,-0.05,,,,FALSE,
143,C16-PG,,9.99,745.49901,876492,N/A,,0.04,,,,FALSE,
143,,,10.03,762.52556,,,,0.08,,,,FALSE,
143,,,9.99,767.48095,,,,0.04,,,,FALSE,
144,PME-DAG-21:0,,N/F,552.36598,N/F,N/F,,N/F,,,,FALSE,
144,,,N/F,569.39253,N/F,,,N/F,,,,FALSE,
144,,,N/F,574.34793,N/F,,,N/F,,,,FALSE,
145,PG-DAG-37:2,,N/F,789.56401,N/F,N/F,,N/F,,,,FALSE,
145,,,N/F,806.59056,N/F,,,N/F,,,,FALSE,
145,,,N/F,811.54596,N/F,,,N/F,,,,FALSE,
146,PG-DAG-32:1,,9.98,738.52796,2052930,N/A,,-0.01,,,,FALSE,
146,,,9.96,721.50141,,,,-0.03,,,,FALSE,
146,,,9.98,743.48336,,,,-0.01,,,,FALSE,
147,PG-DEG-37:0,,N/F,757.57418,N/F,N/A,,N/F,,,,FALSE,
147,,,N/F,774.60073,N/F,,,N/F,,,,FALSE,
147,,,9.98,779.55613,,,,-0.03,,,,FALSE,
148,PG-DAG-32:0,,9.99,740.54361,2774258,N/A,,-0.03,,,,FALSE,
148,,,9.99,745.49901,,,,-0.03,,,,FALSE,
148,,,10.00,723.51706,,,,-0.02,,,,FALSE,
149,PME-DAG-38:2,,N/F,786.60073,N/F,N/A,,N/F,,,,FALSE,
149,,,N/F,803.62728,N/F,,,N/F,,,,FALSE,
149,,,9.98,808.58268,,,,-0.04,,,,FALSE,
150,PE-DEG-25:4,,N/F,558.3918,N/F,N/F,,N/F,,,,FALSE,
150,,,N/F,575.41835,N/F,,,N/F,,,,FALSE,
150,,,N/F,580.37375,N/F,,,N/F,,,,FALSE,
151,PG-DAG-33:1,,9.95,752.54361,1445505,N/A,,-0.08,,,,FALSE,
151,,,9.95,735.51706,,,,-0.08,,,,FALSE,
151,,,9.95,757.49901,,,,-0.08,,,,FALSE,
152,PG-DAG-36:5,,9.98,769.50141,1822,N/A,,-0.08,,,,FALSE,
152,,,N/F,786.52796,N/F,,,N/F,,,,FALSE,
152,,,N/F,791.48336,N/F,,,N/F,,,,FALSE,
153,SQDG-31:0,,N/F,781.51302,N/F,N/A,,N/F,,,,FALSE,
153,,,10.14,798.53957,,,,0.08,,,,FALSE,
153,,,N/F,803.49497,N/F,,,N/F,,,,FALSE,
154,PME-DEG-33:0,,N/F,678.5796,N/F,N/A,,N/F,,,,FALSE,
154,,,N/F,695.60615,N/F,,,N/F,,,,FALSE,
154,,,10.04,700.56155,,,,-0.05,,,,FALSE,
155,PME-DAG-37:2,,N/F,772.58508,N/F,N/A,,N/F,,,,FALSE,
155,,,10.10,789.61163,,,,-0.02,,,,FALSE,
155,,,10.07,794.56703,,,,-0.05,,,,FALSE,
156,PC-38:1,,N/F,800.52248,N/F,N/F,,N/F,,,,FALSE,
156,,,N/F,817.54903,N/F,,,N/F,,,,FALSE,
156,,,N/F,822.50443,N/F,,,N/F,,,,FALSE,
157,SQ-DAG,,10.29,834.53957,7437,N/A,,0.00,,,,FALSE,
157,,,N/F,851.56612,N/F,,,N/F,,,,FALSE,
157,,,N/F,856.52152,N/F,,,N/F,,,,FALSE,
158,PC-ARCHAEOL,,10.37,818.7361,13531,N/A,,0.06,,,,FALSE,
158,,,N/F,835.76265,N/F,,,N/F,,,,FALSE,
158,,,N/F,840.71805,N/F,,,N/F,,,,FALSE,
159,PME-DAG-36:2,,10.27,775.59598,2177,N/A,,-0.07,,,,FALSE,
159,,,N/F,758.56943,N/F,,,N/F,,,,FALSE,
159,,,10.38,780.55138,,,,0.04,,,,FALSE,
160,PE-AR,,10.38,776.68915,365396,N/A,,0.01,,,,FALSE,
160,,,N/F,793.7157,N/F,,,N/F,,,,FALSE,
160,,,10.29,798.6711,,,,-0.08,,,,FALSE,
161,SQDG-32:1,,10.33,810.53957,818003,N/A,,-0.04,,,,FALSE,
161,,,10.36,815.49497,,,,-0.01,,,,FALSE,
161,,,N/F,793.51302,N/F,,,N/F,,,,FALSE,
162,C21-PC,,10.52,874.72593,5185,N/A,,0.06,,,,FALSE,
162,,,N/F,891.75248,N/F,,,N/F,,,,FALSE,
162,,,N/F,896.70788,N/F,,,N/F,,,,FALSE,
163,PG-DAG-41:4,,10.42,841.59531,5523,N/A,,-0.04,,,,FALSE,
163,,,10.53,858.62186,,,,0.07,,,,FALSE,
163,,,10.39,863.57726,,,,-0.07,,,,FALSE,
164,SQDG-32:0,,N/F,795.52867,N/F,N/F,,N/F,,,,FALSE,
164,,,N/F,812.55522,N/F,,,N/F,,,,FALSE,
164,,,N/F,817.51062,N/F,,,N/F,,,,FALSE,
165,PC-38:6,,N/F,806.56943,N/F,N/A,,N/F,,,,FALSE,
165,,,10.46,823.59598,,,,-0.03,,,,FALSE,
165,,,N/F,828.55138,N/F,,,N/F,,,,FALSE,
166,PC-38:2,,N/F,824.52008,N/F,N/F,,N/F,,,,FALSE,
166,,,N/F,802.53813,N/F,,,N/F,,,,FALSE,
166,,,N/F,819.56468,N/F,,,N/F,,,,FALSE,
167,DGCC-33:0,,10.52,742.61914,1365498,N/A,,-0.02,,,,FALSE,
167,,,10.62,764.60109,,,,0.08,,,,FALSE,
167,,,10.57,759.64569,,,,0.03,,,,FALSE,
168,PC-44:12,,N/F,878.56943,N/F,N/F,,N/F,,,,FALSE,
168,,,N/F,895.59598,N/F,,,N/F,,,,FALSE,
168,,,N/F,900.55138,N/F,,,N/F,,,,FALSE,
169,PC-39:5,,N/F,822.60073,N/F,N/F,,N/F,,,,FALSE,
169,,,N/F,839.62728,N/F,,,N/F,,,,FALSE,
169,,,N/F,844.58268,N/F,,,N/F,,,,FALSE,
170,PC-40:9,,N/F,850.53573,N/F,N/F,,N/F,,,,FALSE,
170,,,N/F,828.55378,N/F,,,N/F,,,,FALSE,
170,,,N/F,845.58033,N/F,,,N/F,,,,FALSE,
171,PC-42:11,,10.61,852.55378,2116,N/A,,0.06,,,,FALSE,
171,,,N/F,869.58033,N/F,,,N/F,,,,FALSE,
171,,,N/F,874.53573,N/F,,,N/F,,,,FALSE,
172,SQDG-34:5,,N/F,813.48172,N/F,N/F,,N/F,,,,FALSE,
172,,,N/F,830.50827,N/F,,,N/F,,,,FALSE,
172,,,N/F,835.46367,N/F,,,N/F,,,,FALSE,
173,PC-40:10,,10.61,826.53813,98689,N/A,,0.05,,,,FALSE,
173,,,10.49,843.56468,,,,-0.07,,,,FALSE,
173,,,10.51,848.52008,,,,-0.05,,,,FALSE,
174,PC-38:5,,N/F,808.58508,N/F,N/F,,N/F,,,,FALSE,
174,,,N/F,825.61163,N/F,,,N/F,,,,FALSE,
174,,,N/F,830.56703,N/F,,,N/F,,,,FALSE,
175,PC-31:0,,N/F,742.53573,N/F,N/A,,N/F,,,,FALSE,
175,,,N/F,720.55378,N/F,,,N/F,,,,FALSE,
175,,,10.56,737.58033,,,,-0.03,,,,FALSE,
176,PC-36:5,,N/F,780.55378,N/F,N/F,,N/F,,,,FALSE,
176,,,N/F,797.58033,N/F,,,N/F,,,,FALSE,
176,,,N/F,802.53573,N/F,,,N/F,,,,FALSE,
177,PG-DEG-38:2,,N/F,775.62113,N/F,N/F,,N/F,,,,FALSE,
177,,,N/F,792.64768,N/F,,,N/F,,,,FALSE,
177,,,N/F,797.60308,N/F,,,N/F,,,,FALSE,
178,PC-32:0,,10.70,734.56943,5254608,N/A,,0.06,,,,FALSE,
178,,,10.69,756.55138,,,,0.05,,,,FALSE,
178,,,10.71,751.59598,,,,0.07,,,,FALSE,
179,C16-PC,,10.70,734.56943,5254608,N/A,,0.05,,,,FALSE,
179,,,10.69,756.55138,,,,0.04,,,,FALSE,
179,,,10.71,751.59598,,,,0.06,,,,FALSE,
180,DGCC-32:0,,N/F,728.60349,N/F,N/A,,N/F,,,,FALSE,
180,,,N/F,745.63004,N/F,,,N/F,,,,FALSE,
180,,,10.63,750.58544,,,,-0.02,,,,FALSE,
181,SQDG-28:0,,10.61,756.49262,9331214,N/A,,-0.04,,,,FALSE,
181,,,10.61,761.44802,,,,-0.04,,,,FALSE,
181,,,N/F,739.46607,N/F,,,N/F,,,,FALSE,
182,SQDG-34:1,,10.60,821.54432,1764,N/A,,-0.08,,,,FALSE,
182,,,10.71,838.57087,,,,0.03,,,,FALSE,
182,,,N/F,843.52627,N/F,,,N/F,,,,FALSE,
183,SQDG-29:0,,N/F,753.48172,N/F,N/F,,N/F,,,,FALSE,
183,,,N/F,770.50827,N/F,,,N/F,,,,FALSE,
183,,,N/F,775.46367,N/F,,,N/F,,,,FALSE,
184,SQDG-44:12,,N/F,943.55997,N/F,N/F,,N/F,,,,FALSE,
184,,,N/F,960.58652,N/F,,,N/F,,,,FALSE,
184,,,N/F,965.54192,N/F,,,N/F,,,,FALSE,
185,DGCC-29:0,,10.69,686.55654,5792503,N/A,,-0.01,,,,FALSE,
185,,,10.64,703.58309,,,,-0.06,,,,FALSE,
185,,,10.67,708.53849,,,,-0.03,,,,FALSE,
186,DGCC-28:0,,10.73,672.54089,9841164,N/A,,0.02,,,,FALSE,
186,,,10.69,689.56744,,,,-0.02,,,,FALSE,
186,,,10.73,694.52284,,,,0.02,,,,FALSE,
187,PC-28:0,,N/F,678.50683,N/F,N/F,,N/F,,,,FALSE,
187,,,N/F,695.53338,N/F,,,N/F,,,,FALSE,
187,,,N/F,700.48878,N/F,,,N/F,,,,FALSE,
188,PC-33:2,,N/F,744.55378,N/F,N/F,,N/F,,,,FALSE,
188,,,N/F,761.58033,N/F,,,N/F,,,,FALSE,
188,,,N/F,766.53573,N/F,,,N/F,,,,FALSE,
189,PE-DEG-28:0,,N/F,608.50135,N/F,N/F,,N/F,,,,FALSE,
189,,,N/F,625.5279,N/F,,,N/F,,,,FALSE,
189,,,N/F,630.4833,N/F,,,N/F,,,,FALSE,
190,SQDG-32:5,,N/F,785.45042,N/F,N/F,,N/F,,,,FALSE,
190,,,N/F,802.47697,N/F,,,N/F,,,,FALSE,
190,,,N/F,807.43237,N/F,,,N/F,,,,FALSE,
191,SQDG-36:0,,N/F,851.59128,N/F,N/F,,N/F,,,,FALSE,
191,,,N/F,868.61782,N/F,,,N/F,,,,FALSE,
191,,,N/F,873.57322,N/F,,,N/F,,,,FALSE,
192,SQDG-38:3,,N/F,873.57563,N/F,N/A,,N/F,,,,FALSE,
192,,,10.72,890.60217,,,,0.00,,,,FALSE,
192,,,N/F,895.55757,N/F,,,N/F,,,,FALSE,
193,SQDG-38:4,,N/F,871.55997,N/F,N/F,,N/F,,,,FALSE,
193,,,N/F,888.58652,N/F,,,N/F,,,,FALSE,
193,,,N/F,893.54192,N/F,,,N/F,,,,FALSE,
194,SQDG-42:11,,N/F,917.54432,N/F,N/F,,N/F,,,,FALSE,
194,,,N/F,934.57087,N/F,,,N/F,,,,FALSE,
194,,,N/F,939.52627,N/F,,,N/F,,,,FALSE,
195,SQDG-34:2,,N/F,819.52867,N/F,N/F,,N/F,,,,FALSE,
195,,,N/F,836.55522,N/F,,,N/F,,,,FALSE,
195,,,N/F,841.51062,N/F,,,N/F,,,,FALSE,
196,SQDG-34:3,,N/F,839.49497,N/F,N/F,,N/F,,,,FALSE,
196,,,N/F,817.51302,N/F,,,N/F,,,,FALSE,
196,,,N/F,834.53957,N/F,,,N/F,,,,FALSE,
197,SQDG-34:4,,N/F,815.49737,N/F,N/A,,N/F,,,,FALSE,
197,,,10.76,832.52392,,,,0.03,,,,FALSE,
197,,,N/F,837.47932,N/F,,,N/F,,,,FALSE,
198,PC-32:1,,N/F,732.55378,N/F,N/F,,N/F,,,,FALSE,
198,,,N/F,749.58033,N/F,,,N/F,,,,FALSE,
198,,,N/F,754.53573,N/F,,,N/F,,,,FALSE,
199,PC-30:0,,10.78,706.53813,16513459,N/A,,0.03,,,,FALSE,
199,,,10.76,728.52008,,,,0.01,,,,FALSE,
199,,,10.76,723.56468,,,,0.01,,,,FALSE,
200,PC-33:1,,N/F,746.56943,N/F,N/F,,N/F,,,,FALSE,
200,,,N/F,763.59598,N/F,,,N/F,,,,FALSE,
200,,,N/F,768.55138,N/F,,,N/F,,,,FALSE,
201,SQDG-30:0,,N/F,789.47932,N/F,N/F,,N/F,,,,FALSE,
201,,,N/F,767.49737,N/F,,,N/F,,,,FALSE,
201,,,N/F,784.52392,N/F,,,N/F,,,,FALSE,
202,SQDG-36:2,,N/F,847.55997,N/F,N/F,,N/F,,,,FALSE,
202,,,N/F,864.58652,N/F,,,N/F,,,,FALSE,
202,,,N/F,869.54192,N/F,,,N/F,,,,FALSE,
203,DGCC-30:0,,N/F,700.57219,N/F,N/F,,N/F,,,,FALSE,
203,,,N/F,717.59874,N/F,,,N/F,,,,FALSE,
203,,,N/F,722.55414,N/F,,,N/F,,,,FALSE,
204,PC-31:1,,N/F,718.53813,N/F,N/F,,N/F,,,,FALSE,
204,,,N/F,735.56468,N/F,,,N/F,,,,FALSE,
204,,,N/F,740.52008,N/F,,,N/F,,,,FALSE,
205,PC-37:6,,N/F,792.55378,N/F,N/F,,N/F,,,,FALSE,
205,,,N/F,809.58033,N/F,,,N/F,,,,FALSE,
205,,,N/F,814.53573,N/F,,,N/F,,,,FALSE,
206,PC-29:0,,10.81,692.52248,14889609,N/A,,0.00,,,,FALSE,
206,,,10.81,714.50443,,,,0.00,,,,FALSE,
206,,,10.78,709.54903,,,,-0.03,,,,FALSE,
207,SQDG-32:2,,N/F,791.49737,N/F,N/F,,N/F,,,,FALSE,
207,,,N/F,808.52392,N/F,,,N/F,,,,FALSE,
207,,,N/F,813.47932,N/F,,,N/F,,,,FALSE,
208,SQDG-34:9,,N/F,805.41912,N/F,N/F,,N/F,,,,FALSE,
208,,,N/F,822.44567,N/F,,,N/F,,,,FALSE,
208,,,N/F,827.40107,N/F,,,N/F,,,,FALSE,
209,DGCC-27:0,,10.79,658.52524,1965852,N/A,,-0.04,,,,FALSE,
209,,,N/F,675.55179,N/F,,,N/F,,,,FALSE,
209,,,10.77,680.50719,,,,-0.06,,,,FALSE,
210,PC-36:1,,10.89,788.61638,2929,N/A,,0.04,,,,FALSE,
210,,,N/F,805.64293,N/F,,,N/F,,,,FALSE,
210,,,N/F,810.59833,N/F,,,N/F,,,,FALSE,
211,DGCC-26:0,,10.84,644.50959,2648693,N/A,,-0.02,,,,FALSE,
211,,,10.79,661.53614,,,,-0.07,,,,FALSE,
211,,,N/F,666.49154,N/F,,,N/F,,,,FALSE,
212,PC-33:6,,N/F,736.49118,N/F,N/F,,N/F,,,,FALSE,
212,,,N/F,753.51773,N/F,,,N/F,,,,FALSE,
212,,,N/F,758.47313,N/F,,,N/F,,,,FALSE,
213,PC-27:0,,N/F,664.49118,N/F,N/A,,N/F,,,,FALSE,
213,,,10.86,681.51773,,,,-0.04,,,,FALSE,
213,,,10.93,686.47313,,,,0.03,,,,FALSE,
214,PC-32:6,,10.89,739.50208,3420,N/A,,-0.02,,,,FALSE,
214,,,N/F,722.47553,N/F,,,N/F,,,,FALSE,
214,,,N/F,744.45748,N/F,,,N/F,,,,FALSE,
215,DGCC-31:1,,10.97,712.57219,3745,N/A,,0.05,,,,FALSE,
215,,,10.91,729.59874,,,,-0.01,,,,FALSE,
215,,,N/F,734.55414,N/F,,,N/F,,,,FALSE,
216,PE-DAG/AEG-36:2,,10.86,744.55378,193116,N/A,,-0.07,,,,FALSE,
216,,,N/F,761.58033,N/F,,,N/F,,,,FALSE,
216,,,N/F,766.53573,N/F,,,N/F,,,,FALSE,
217,PE-DEG-27:4,,N/F,586.4231,N/F,N/F,,N/F,,,,FALSE,
217,,,N/F,603.44965,N/F,,,N/F,,,,FALSE,
217,,,N/F,608.40505,N/F,,,N/F,,,,FALSE,
218,PC-35:1,,N/F,762.60073,N/F,N/F,,N/F,,,,FALSE,
218,,,N/F,779.62728,N/F,,,N/F,,,,FALSE,
218,,,N/F,784.58268,N/F,,,N/F,,,,FALSE,
219,PE-DAG/AEG-35:1,,N/F,732.55378,N/F,N/A,,N/F,,,,FALSE,
219,,,N/F,749.58033,N/F,,,N/F,,,,FALSE,
219,,,10.96,754.53573,,,,0.00,,,,FALSE,
220,PC-35:0,,10.96,786.59833,2105,N/A,,-0.01,,,,FALSE,
220,,,N/F,764.61638,N/F,,,N/F,,,,FALSE,
220,,,N/F,781.64293,N/F,,,N/F,,,,FALSE,
221,PC-36:10,,N/F,770.47553,N/F,N/F,,N/F,,,,FALSE,
221,,,N/F,787.50208,N/F,,,N/F,,,,FALSE,
221,,,N/F,792.45748,N/F,,,N/F,,,,FALSE,
222,PE-DAG/AEG-31:1,,N/F,676.49118,N/F,N/A,,N/F,,,,FALSE,
222,,,11.04,698.47313,,,,0.06,,,,FALSE,
222,,,N/F,693.51773,N/F,,,N/F,,,,FALSE,
223,PE-DAG/AEG-31:2,,11.00,674.47553,51807,N/A,,0.02,,,,FALSE,
223,,,N/F,691.50208,N/F,,,N/F,,,,FALSE,
223,,,N/F,696.45748,N/F,,,N/F,,,,FALSE,
224,PE-DAG/AEG-33:2,,10.99,702.50683,109251,N/A,,0.01,,,,FALSE,
224,,,N/F,724.48878,N/F,,,N/F,,,,FALSE,
224,,,N/F,719.53338,N/F,,,N/F,,,,FALSE,
225,PC-34:4,,10.96,754.53813,1491,N/A,,-0.03,,,,FALSE,
225,,,N/F,771.56468,N/F,,,N/F,,,,FALSE,
225,,,N/F,776.52008,N/F,,,N/F,,,,FALSE,
226,PE-DAG/AEG-29:1,,11.07,648.45988,245283,N/A,,0.08,,,,FALSE,
226,,,N/F,665.48643,N/F,,,N/F,,,,FALSE,
226,,,N/F,670.44183,N/F,,,N/F,,,,FALSE,
227,PE-DAG/AEG-30:0,,N/F,664.49118,N/F,N/A,,N/F,,,,FALSE,
227,,,10.93,686.47313,,,,-0.06,,,,FALSE,
227,,,N/F,681.51773,N/F,,,N/F,,,,FALSE,
228,PE-DAG/AEG-30:1,,11.03,662.47553,1909796,N/A,,0.04,,,,FALSE,
228,,,11.04,684.45748,,,,0.05,,,,FALSE,
228,,,N/F,679.50208,N/F,,,N/F,,,,FALSE,
229,PE-DAG/AEG-31:0,,N/F,678.50683,N/F,N/F,,N/F,,,,FALSE,
229,,,N/F,695.53338,N/F,,,N/F,,,,FALSE,
229,,,N/F,700.48878,N/F,,,N/F,,,,FALSE,
230,PE-DAG/AEG-32:0,,10.99,690.50683,2555764,N/A,,0.00,,,,FALSE,
230,,,11.00,712.48878,,,,0.01,,,,FALSE,
230,,,N/F,707.53338,N/F,,,N/F,,,,FALSE,
231,PE-DAG/AEG-32:1,,10.98,688.49118,511955,N/A,,-0.01,,,,FALSE,
231,,,11.00,710.47313,,,,0.01,,,,FALSE,
231,,,N/F,705.51773,N/F,,,N/F,,,,FALSE,
232,PE-DAG/AEG-38:6,,N/F,764.52248,N/F,N/F,,N/F,,,,FALSE,
232,,,N/F,781.54903,N/F,,,N/F,,,,FALSE,
232,,,N/F,786.50443,N/F,,,N/F,,,,FALSE,
233,PE-DAG/AEG-40:6,,N/F,792.55378,N/F,N/F,,N/F,,,,FALSE,
233,,,N/F,809.58033,N/F,,,N/F,,,,FALSE,
233,,,N/F,814.53573,N/F,,,N/F,,,,FALSE,
234,PE-DAG/AEG-40:7,,N/F,790.53813,N/F,N/A,,N/F,,,,FALSE,
234,,,N/F,807.56468,N/F,,,N/F,,,,FALSE,
234,,,11.01,812.52008,,,,0.02,,,,FALSE,
235,PE-DAG/AEG-44:12,,N/F,836.52248,N/F,N/F,,N/F,,,,FALSE,
235,,,N/F,853.54903,N/F,,,N/F,,,,FALSE,
235,,,N/F,858.50443,N/F,,,N/F,,,,FALSE,
236,PE-DEG-35:3,,N/F,700.56395,N/F,N/F,,N/F,,,,FALSE,
236,,,N/F,717.5905,N/F,,,N/F,,,,FALSE,
236,,,N/F,722.5459,N/F,,,N/F,,,,FALSE,
237,PE-DAG/AEG-29:0,,10.98,650.47553,2370953,N/A,,-0.02,,,,FALSE,
237,,,10.97,672.45748,,,,-0.03,,,,FALSE,
237,,,10.93,667.50208,,,,-0.07,,,,FALSE,
238,PE-DAG/AEG-34:1,,N/F,706.53813,N/F,N/F,,N/F,,,,FALSE,
238,,,N/F,723.56468,N/F,,,N/F,,,,FALSE,
238,,,N/F,728.52008,N/F,,,N/F,,,,FALSE,
239,PE-DAG/AEG-34:2,,11.07,716.52248,469991,N/A,,0.07,,,,FALSE,
239,,,10.90,716.52248,,,,-0.07,,,,FALSE,
239,,,N/F,738.50443,N/F,,,N/F,,,,FALSE,
239,,,N/F,733.54903,N/F,,,N/F,,,,FALSE,
239,,,N/F,738.50443,N/F,,,N/F,,,,FALSE,
239,,,N/F,733.54903,N/F,,,N/F,,,,FALSE,
240,PE-DEG-24:3,,N/F,546.3918,N/F,N/F,,N/F,,,,FALSE,
240,,,N/F,563.41835,N/F,,,N/F,,,,FALSE,
240,,,N/F,568.37375,N/F,,,N/F,,,,FALSE,
241,PE-DAG/AEG-35:4,,10.99,726.50683,81751,N/A,,-0.03,,,,FALSE,
241,,,N/F,743.53338,N/F,,,N/F,,,,FALSE,
241,,,11.00,748.48878,,,,-0.02,,,,FALSE,
242,PE-DAG/AEG-28:0,,N/F,636.45988,N/F,N/A,,N/F,,,,FALSE,
242,,,10.98,653.48643,,,,-0.05,,,,FALSE,
242,,,10.97,658.44183,,,,-0.06,,,,FALSE,
243,PE-DAG/AEG-35:2,,10.95,730.53813,5691,N/A,,-0.08,,,,FALSE,
243,,,N/F,747.56468,N/F,,,N/F,,,,FALSE,
243,,,N/F,752.52008,N/F,,,N/F,,,,FALSE,
244,PC-33:5,,N/F,738.50683,N/F,N/F,,N/F,,,,FALSE,
244,,,N/F,755.53338,N/F,,,N/F,,,,FALSE,
244,,,N/F,760.48878,N/F,,,N/F,,,,FALSE,
245,PC-33:0,,N/F,748.58508,N/F,N/A,,N/F,,,,FALSE,
245,,,N/F,765.61163,N/F,,,N/F,,,,FALSE,
245,,,11.00,770.56703,,,,-0.05,,,,FALSE,
246,PE-DEG-30:0,,N/F,636.53265,N/F,N/A,,N/F,,,,FALSE,
246,,,N/F,653.5592,N/F,,,N/F,,,,FALSE,
246,,,11.11,658.5146,,,,-0.04,,,,FALSE,
247,SQDG-30:1,,N/F,765.48172,N/F,N/A,,N/F,,,,FALSE,
247,,,N/F,782.50827,N/F,,,N/F,,,,FALSE,
247,,,11.17,787.46367,,,,-0.03,,,,FALSE,
248,PC-DEG-26:0,,N/F,622.4231,N/F,N/F,,N/F,,,,FALSE,
248,,,N/F,639.44965,N/F,,,N/F,,,,FALSE,
248,,,N/F,644.40505,N/F,,,N/F,,,,FALSE,
249,PE-DAG/AEG-33:1,,11.20,704.52248,2822,N/A,,-0.01,,,,FALSE,
249,,,N/F,721.54903,N/F,,,N/F,,,,FALSE,
249,,,N/F,726.50443,N/F,,,N/F,,,,FALSE,
250,PC-26:0,,N/F,650.47553,N/F,N/A,,N/F,,,,FALSE,
250,,,11.37,667.50208,,,,-0.07,,,,FALSE,
250,,,N/F,672.45748,N/F,,,N/F,,,,FALSE,
251,SQDG-30:2,,11.45,780.49262,382685,N/A,,-0.02,,,,FALSE,
251,,,11.43,785.44802,,,,-0.04,,,,FALSE,
251,,,N/F,763.46607,N/F,,,N/F,,,,FALSE,
252,2Gly-GDGT-2,,N/F,1621.38919,N/F,N/F,,N/F,,,,FALSE,
252,,,N/F,1638.41574,N/F,,,N/F,,,,FALSE,
252,,,N/F,1643.37114,N/F,,,N/F,,,,FALSE,
253,2Gly-OH-GDGT-2,,N/F,1637.38411,N/F,N/A,,N/F,,,,FALSE,
253,,,N/F,1654.41065,N/F,,,N/F,,,,FALSE,
253,,,11.61,1659.36605,,,,0.07,,,,FALSE,
254,SQDG-26:0,,N/F,711.43477,N/F,N/A,,N/F,,,,FALSE,
254,,,N/F,728.46132,N/F,,,N/F,,,,FALSE,
254,,,11.58,733.41672,,,,-0.03,,,,FALSE,
255,SQDG-24:0,,N/F,683.40347,N/F,N/F,,N/F,,,,FALSE,
255,,,N/F,700.43002,N/F,,,N/F,,,,FALSE,
255,,,N/F,705.38542,N/F,,,N/F,,,,FALSE,
256,2Gly-OH-GDGT-0,,N/F,1641.41541,N/F,N/F,,N/F,,,,FALSE,
256,,,N/F,1658.44195,N/F,,,N/F,,,,FALSE,
256,,,N/F,1663.39735,N/F,,,N/F,,,,FALSE,
257,DGCC-22:4,,N/F,580.38439,N/F,N/A,,N/F,,,,FALSE,
257,,,11.68,597.41094,,,,-0.05,,,,FALSE,
257,,,N/F,602.36634,N/F,,,N/F,,,,FALSE,
258,DGDG,,11.72,937.5883,1321,N/A,,-0.06,,,,FALSE,
258,,,N/F,954.61485,N/F,,,N/F,,,,FALSE,
258,,,11.85,959.57024,,,,0.07,,,,FALSE,
259,DGCC-42:6,,N/F,844.57219,N/F,N/F,,N/F,,,,FALSE,
259,,,N/F,861.59874,N/F,,,N/F,,,,FALSE,
259,,,N/F,866.55414,N/F,,,N/F,,,,FALSE,
260,DGDG-34:1,,11.75,936.6618,113277,N/A,,-0.05,,,,FALSE,
260,,,11.74,941.61719,,,,-0.06,,,,FALSE,
260,,,N/F,919.63525,N/F,,,N/F,,,,FALSE,
261,DGCC-24:2,,N/F,612.44699,N/F,N/A,,N/F,,,,FALSE,
261,,,11.83,629.47354,,,,0.01,,,,FALSE,
261,,,N/F,634.42894,N/F,,,N/F,,,,FALSE,
262,DGCC-38:6,,N/F,800.60349,N/F,N/F,,N/F,,,,FALSE,
262,,,N/F,817.63004,N/F,,,N/F,,,,FALSE,
262,,,N/F,822.58544,N/F,,,N/F,,,,FALSE,
263,SQDG-23:0,,N/F,669.38782,N/F,N/F,,N/F,,,,FALSE,
263,,,N/F,686.41437,N/F,,,N/F,,,,FALSE,
263,,,N/F,691.36977,N/F,,,N/F,,,,FALSE,
264,DGDG-32:1,,11.97,908.6305,217338,N/A,,0.06,,,,FALSE,
264,,,11.93,913.58589,,,,0.02,,,,FALSE,
264,,,N/F,891.60395,N/F,,,N/F,,,,FALSE,
265,DGCC-36:6,,N/F,772.57219,N/F,N/A,,N/F,,,,FALSE,
265,,,N/F,789.59874,N/F,,,N/F,,,,FALSE,
265,,,11.90,794.55414,,,,-0.03,,,,FALSE,
266,DGDG-34:6,,N/F,926.58355,N/F,N/F,,N/F,,,,FALSE,
266,,,N/F,909.557,N/F,,,N/F,,,,FALSE,
266,,,N/F,931.53894,N/F,,,N/F,,,,FALSE,
267,DGDG-34:7,,N/F,907.54135,N/F,N/A,,N/F,,,,FALSE,
267,,,11.86,924.5679,,,,-0.07,,,,FALSE,
267,,,N/F,929.52329,N/F,,,N/F,,,,FALSE,
268,DGDG-32:0,,12.00,910.64615,467149,N/A,,0.06,,,,FALSE,
268,,,11.90,915.60154,,,,-0.04,,,,FALSE,
268,,,N/F,893.6196,N/F,,,N/F,,,,FALSE,
269,DGDG-34:2,,N/F,917.6196,N/F,N/F,,N/F,,,,FALSE,
269,,,N/F,934.64615,N/F,,,N/F,,,,FALSE,
269,,,N/F,939.60154,N/F,,,N/F,,,,FALSE,
270,DGDG-34:4,,11.93,913.5883,20452,N/A,,-0.01,,,,FALSE,
270,,,N/F,930.61485,N/F,,,N/F,,,,FALSE,
270,,,N/F,935.57024,N/F,,,N/F,,,,FALSE,
271,DGDG-35:3,,N/F,929.6196,N/F,N/F,,N/F,,,,FALSE,
271,,,N/F,946.64615,N/F,,,N/F,,,,FALSE,
271,,,N/F,951.60154,N/F,,,N/F,,,,FALSE,
272,DGDG-35:2,,N/F,931.63525,N/F,N/F,,N/F,,,,FALSE,
272,,,N/F,948.6618,N/F,,,N/F,,,,FALSE,
272,,,N/F,953.61719,N/F,,,N/F,,,,FALSE,
273,DGDG-34:3,,11.90,915.60395,55031,N/A,,-0.07,,,,FALSE,
273,,,N/F,932.6305,N/F,,,N/F,,,,FALSE,
273,,,N/F,937.58589,N/F,,,N/F,,,,FALSE,
274,DGCC-23:1,,N/F,600.44699,N/F,N/F,,N/F,,,,FALSE,
274,,,N/F,617.47354,N/F,,,N/F,,,,FALSE,
274,,,N/F,622.42894,N/F,,,N/F,,,,FALSE,
275,2Gly-GDGT-0,,N/F,1625.42049,N/F,N/F,,N/F,,,,FALSE,
275,,,N/F,1642.44704,N/F,,,N/F,,,,FALSE,
275,,,N/F,1647.40244,N/F,,,N/F,,,,FALSE,
276,Gly-Hp-BDGT-5,,N/F,1659.36846,N/F,N/F,,N/F,,,,FALSE,
276,,,N/F,1676.395,N/F,,,N/F,,,,FALSE,
276,,,N/F,1681.3504,N/F,,,N/F,,,,FALSE,
277,2Gly-OH-GDGT-1,,N/F,1639.39976,N/F,N/F,,N/F,,,,FALSE,
277,,,N/F,1656.4263,N/F,,,N/F,,,,FALSE,
277,,,N/F,1661.3817,N/F,,,N/F,,,,FALSE,
278,DGDG-30:0,,12.00,882.61485,5649027,N/A,,-0.08,,,,FALSE,
278,,,12.03,887.57024,,,,-0.05,,,,FALSE,
278,,,12.05,865.5883,,,,-0.03,,,,FALSE,
279,DGDG-34:5,,N/F,911.57265,N/F,N/F,,N/F,,,,FALSE,
279,,,N/F,928.5992,N/F,,,N/F,,,,FALSE,
279,,,N/F,933.55459,N/F,,,N/F,,,,FALSE,
280,Gly-Hp-BDGT-3,,N/F,1663.39976,N/F,N/F,,N/F,,,,FALSE,
280,,,N/F,1680.4263,N/F,,,N/F,,,,FALSE,
280,,,N/F,1685.3817,N/F,,,N/F,,,,FALSE,
281,2Gly-GDGT-1,,N/F,1623.40484,N/F,N/F,,N/F,,,,FALSE,
281,,,N/F,1640.43139,N/F,,,N/F,,,,FALSE,
281,,,N/F,1645.38679,N/F,,,N/F,,,,FALSE,
282,2Gly-PDGT-4,,N/F,1645.38919,N/F,N/F,,N/F,,,,FALSE,
282,,,N/F,1662.41574,N/F,,,N/F,,,,FALSE,
282,,,N/F,1667.37114,N/F,,,N/F,,,,FALSE,
283,DGDG-30:2,,12.17,883.53894,1288,N/A,,0.00,,,,FALSE,
283,,,N/F,861.557,N/F,,,N/F,,,,FALSE,
283,,,N/F,878.58355,N/F,,,N/F,,,,FALSE,
284,Gly-Hp-BDGT-4,,N/F,1661.38411,N/F,N/F,,N/F,,,,FALSE,
284,,,N/F,1678.41065,N/F,,,N/F,,,,FALSE,
284,,,N/F,1683.36605,N/F,,,N/F,,,,FALSE,
285,DGDG-32:5,,12.19,883.54135,2027,N/A,,-0.01,,,,FALSE,
285,,,N/F,900.5679,N/F,,,N/F,,,,FALSE,
285,,,N/F,905.52329,N/F,,,N/F,,,,FALSE,
286,DGDG-32:6,,N/F,898.55225,N/F,N/F,,N/F,,,,FALSE,
286,,,N/F,881.5257,N/F,,,N/F,,,,FALSE,
286,,,N/F,903.50764,N/F,,,N/F,,,,FALSE,
287,DGDG-32:4,,N/F,885.557,N/F,N/F,,N/F,,,,FALSE,
287,,,N/F,902.58355,N/F,,,N/F,,,,FALSE,
287,,,N/F,907.53894,N/F,,,N/F,,,,FALSE,
288,DGDG-32:2,,N/F,889.5883,N/F,N/F,,N/F,,,,FALSE,
288,,,N/F,906.61485,N/F,,,N/F,,,,FALSE,
288,,,N/F,911.57024,N/F,,,N/F,,,,FALSE,
289,IS-PC-16:0,,12.28,524.37107,310238875,N/A,,0.04,,,,FALSE,
289,,,N/F,541.39762,N/F,,,N/F,,,,FALSE,
289,,,12.28,546.35301,,,,0.04,,,,FALSE,
290,DGDG-28:0,,N/F,837.557,N/F,N/A,,N/F,,,,FALSE,
290,,,N/F,854.58355,N/F,,,N/F,,,,FALSE,
290,,,12.27,859.53894,,,,0.02,,,,FALSE,
291,C16PAF,,12.28,524.37107,310243647,N/A,,0.01,,,,FALSE,
291,,,N/F,541.39762,N/F,,,N/F,,,,FALSE,
291,,,12.28,546.35301,,,,0.01,,,,FALSE,
292,PC-DEG-30:2,,12.31,705.5905,219678,N/A,,-0.02,,,,FALSE,
292,,,N/F,688.56395,N/F,,,N/F,,,,FALSE,
292,,,N/F,710.5459,N/F,,,N/F,,,,FALSE,
293,DGDG-31:1,,N/F,877.5883,N/F,N/F,,N/F,,,,FALSE,
293,,,N/F,894.61485,N/F,,,N/F,,,,FALSE,
293,,,N/F,899.57024,N/F,,,N/F,,,,FALSE,
294,DGCC-23:0,,N/F,602.46264,N/F,N/F,,N/F,,,,FALSE,
294,,,N/F,619.48919,N/F,,,N/F,,,,FALSE,
294,,,N/F,624.44459,N/F,,,N/F,,,,FALSE,
295,DGCC-21:0,,N/F,574.43134,N/F,N/F,,N/F,,,,FALSE,
295,,,N/F,591.45789,N/F,,,N/F,,,,FALSE,
295,,,N/F,596.41329,N/F,,,N/F,,,,FALSE,
296,DGCC-19:0,,N/F,546.40004,N/F,N/F,,N/F,,,,FALSE,
296,,,N/F,563.42659,N/F,,,N/F,,,,FALSE,
296,,,N/F,568.38199,N/F,,,N/F,,,,FALSE,
297,DGCC-17:0,,N/F,518.36874,N/F,N/F,,N/F,,,,FALSE,
297,,,N/F,535.39529,N/F,,,N/F,,,,FALSE,
297,,,N/F,540.35069,N/F,,,N/F,,,,FALSE,
298,DGCC-16:0,,13.00,504.35309,694,N/A,,-0.04,,,,FALSE,
298,,,N/F,521.37964,N/F,,,N/F,,,,FALSE,
298,,,13.06,526.33504,,,,0.02,,,,FALSE,
299,DGCC-23:6,,N/F,590.36874,N/F,N/A,,N/F,,,,FALSE,
299,,,N/F,607.39529,N/F,,,N/F,,,,FALSE,
299,,,16.97,612.35069,,,,0.07,,,,FALSE,
