Quantitation Report,,,,,,,,,,,,,,,,,
,,,,,,,,,,,,,,,,,
Lab Name:,OGL,,,,,,,,,,,,,,,,
Instrument:,QEFocus,,,,,,,,Method:,Known_IPLs_Marine_11_14_2018_Known_IPLs_Marine_11_14_2018,,,,,,,
User:,Thermo,,,,,,,,,Known_IPLs_Marine_11_14_2018,,,,,,,
Batch:,Known_IPLs_Marine_11_14_2018,,,,,,,,Cali File:,Known_IPLs_Marine_11_14_2018.calx,,,,,,,
,,,,,,,,,,,,,,,,,
Vial Pos,,Sample ID,,File Name,,Level,,Sample Name,,File Date,,Comment,,,,,
RD3,,1,,QEF1634_OG40_T5-250-2-7_SC,,N/A,,,,8/1/2018 4:43:32 AM,,,,, ,,
,,,,,,,,,,,,,,,,,
,,,,,,,,,,,,,,,,,
,,,,,,,,,,,,,,,,,
,,,,,,,,,,,,,,,,,
,,,,,,,,,,,,,,,,,
,,,,,,,,,,,,,,,,,
,,,,,,,,,,,,,,,,,
,,,,,,,,,,,,,,,,,
,,,,,,,,,,,,,,,,,
,,,,,,,,,,,,,,,,,
,,,,,,,,,,,,,,,,,
,,,,,,,,,,,,,,,,,
,,,,,,,,,,,,,,,,,
,,,,,,,,,,,,,,,,,
,,,,,,,,,,,,,,,,,
,,,,,,,,,,,,,,,,,
,,,,,,,,,,,,,,,,,
,,,,,,,,,,,,,,,,,
,,,,,,,,,,,,,,,,,
,,,,,,,,,,,,,,,,,
Internal Standards,,RT,,Quan Peak,,Response,,,,"Injected
Conc",Units,"Calculated
Conc",Units,Flags,,Manual Flag,Peak Index
,,,,,,,,,,,,,,,,,
No data,,,,,,,,,,,,,,,,,
,,,,,,,,,,,,,,,,,
,,,,,,,,,,,,,,,,,
,,,,,,,,,,,,,,,,,
Surrogates,,RT,,Quan Peak,,Response,Curve Type,"Average RF/
Response Ratio",,"Injected
Conc",Units,"Calculated
Conc",Units,Flags,,Manual Flag,Peak Index
,,,,,,,,,,,,,,,,,
No data,,,,,,,,,,,,,,,,,
,,,,,,,,,,,,,,,,,
,,,,,,,,,,,,,,,,,
,,,,,,,,,,,,,,,,,
Target Compounds,,RT,,Quan Peak,,Response,Curve Type,"Average RF/
Response Ratio",,"Injected
Conc",Units,"Calculated
Conc",Units,Flags,,Manual Flag,Peak Index
MGDG-36:5,,2.36,,777.550293,,18521,Linear,0.000, ,N/A,,N/A,,,,,1
MGDG-36:5,,3.1,,794.5808716,,18521,Linear,0.000, ,N/A,,N/A,,,,,2
MGDG-36:5,,N/F,,N/F,,18521,Linear,0.000, ,N/F,,N/F,,,,,3
MGDG-19:2,,2.69,,549.361145,,569,Linear,0.000, ,N/A,,N/A,,,,,1
MGDG-19:2,,3.4,,549.3622437,,569,Linear,0.000, ,N/A,,N/A,,,,,4
MGDG-19:2,,N/F,,N/F,,569,Linear,0.000, ,N/F,,N/F,,,,,2
MGDG-19:2,,N/F,,N/F,,569,Linear,0.000, ,N/F,,N/F,,,,,3
MGDG-19:2,,N/F,,N/F,,569,Linear,0.000, ,N/F,,N/F,,,,,5
MGDG-19:2,,N/F,,N/F,,569,Linear,0.000, ,N/F,,N/F,,,,,6
MGDG,,3.19,,775.5388184,,24958,Linear,0.000, ,N/A,,N/A,,,,,1
MGDG,,3.15,,792.5635376,,24958,Linear,0.000, ,N/A,,N/A,,,,,2
MGDG,,N/F,,N/F,,24958,Linear,0.000, ,N/F,,N/F,,,,,3
MGDG-34:1,,3.19,,777.5497437,,459,Linear,0.000, ,N/A,,N/A,,,,,3
MGDG-34:1,,N/F,,N/F,,459,Linear,0.000, ,N/F,,N/F,,,,,1
MGDG-34:1,,N/F,,N/F,,459,Linear,0.000, ,N/F,,N/F,,,,,2
MGDG-36:8,,2.86,,771.5063477,,56844,Linear,0.000, ,N/A,,N/A,,,,,1
MGDG-36:8,,3.22,,788.5324707,,56844,Linear,0.000, ,N/A,,N/A,,,,,2
MGDG-36:8,,N/F,,N/F,,56844,Linear,0.000, ,N/F,,N/F,,,,,3
Gly-GDGT-0,,3.72,,1463.370483,,1136,Linear,0.000, ,N/A,,N/A,,,,,1
Gly-GDGT-0,,N/F,,N/F,,1136,Linear,0.000, ,N/F,,N/F,,,,,2
Gly-GDGT-0,,N/F,,N/F,,1136,Linear,0.000, ,N/F,,N/F,,,,,3
MGDG-36:9,,3.33,,769.4897461,,63619,Linear,0.000, ,N/A,,N/A,,,,,1
MGDG-36:9,,3.27,,786.5169678,,63619,Linear,0.000, ,N/A,,N/A,,,,,2
MGDG-36:9,,3.3,,791.4696045,,63619,Linear,0.000, ,N/A,,N/A,,,,,3
MGDG-30:1,,3.37,,718.5474854,,3072648,Linear,0.000, ,N/A,,N/A,,,,,1
MGDG-30:1,,3.37,,723.5029907,,3072648,Linear,0.000, ,N/A,,N/A,,,,,2
MGDG-30:1,,3.39,,701.5204468,,3072648,Linear,0.000, ,N/A,,N/A,,,,,3
MGDG-28:0,,3.48,,692.5324707,,544004,Linear,0.000, ,N/A,,N/A,,,,,1
MGDG-28:0,,3.49,,697.4882202,,544004,Linear,0.000, ,N/A,,N/A,,,,,2
MGDG-28:0,,N/F,,N/F,,544004,Linear,0.000, ,N/F,,N/F,,,,,3
MGDG-34:5,,3.59,,747.5059204,,16743,Linear,0.000, ,N/A,,N/A,,,,,1
MGDG-34:5,,3.25,,764.5320435,,16743,Linear,0.000, ,N/A,,N/A,,,,,2
MGDG-34:5,,3.33,,769.4897461,,16743,Linear,0.000, ,N/A,,N/A,,,,,3
MGDG-36:4,,3.2,,779.5696411,,41805,Linear,0.000, ,N/A,,N/A,,,,,1
MGDG-36:4,,3.13,,796.592041,,41805,Linear,0.000, ,N/A,,N/A,,,,,2
MGDG-36:4,,3.16,,801.552124,,41805,Linear,0.000, ,N/A,,N/A,,,,,3
MGDG-32:1,,3.27,,749.5160522,,199357,Linear,0.000, ,N/A,,N/A,,,,,1
MGDG-32:1,,3.52,,727.5369263,,199357,Linear,0.000, ,N/A,,N/A,,,,,2
MGDG-32:1,,3.27,,744.5633545,,199357,Linear,0.000, ,N/A,,N/A,,,,,3
MGDG-34:7,,3.26,,743.4765015,,3004,Linear,0.000, ,N/A,,N/A,,,,,1
MGDG-34:7,,3.35,,760.4974365,,3004,Linear,0.000, ,N/A,,N/A,,,,,2
MGDG-34:7,,N/F,,N/F,,3004,Linear,0.000, ,N/F,,N/F,,,,,3
MGDG-36:2,,3.58,,800.6254883,,69133,Linear,0.000, ,N/A,,N/A,,,,,1
MGDG-36:2,,3.58,,805.5789185,,69133,Linear,0.000, ,N/A,,N/A,,,,,2
MGDG-36:2,,N/F,,N/F,,69133,Linear,0.000, ,N/F,,N/F,,,,,3
MGDG-37:3,,3.16,,819.5946045,,645,Linear,0.000, ,N/A,,N/A,,,,,3
MGDG-37:3,,N/F,,N/F,,645,Linear,0.000, ,N/F,,N/F,,,,,1
MGDG-37:3,,N/F,,N/F,,645,Linear,0.000, ,N/F,,N/F,,,,,2
MGDG-32:2,,3.86,,725.520813,,16633,Linear,0.000, ,N/A,,N/A,,,,,2
MGDG-32:2,,3.95,,747.5050659,,16633,Linear,0.000, ,N/A,,N/A,,,,,3
MGDG-32:2,,N/F,,N/F,,16633,Linear,0.000, ,N/F,,N/F,,,,,1
MGDG-33:0,,3.23,,760.5957031,,294968,Linear,0.000, ,N/A,,N/A,,,,,1
MGDG-33:0,,3.26,,765.5457764,,294968,Linear,0.000, ,N/A,,N/A,,,,,3
MGDG-33:0,,N/F,,N/F,,294968,Linear,0.000, ,N/F,,N/F,,,,,2
MGDG-31:0,,3.56,,717.5518188,,219327,Linear,0.000, ,N/A,,N/A,,,,,1
MGDG-31:0,,3.3,,734.5790405,,219327,Linear,0.000, ,N/A,,N/A,,,,,2
MGDG-31:0,,3.31,,739.5315552,,219327,Linear,0.000, ,N/A,,N/A,,,,,3
MGDG-32:0,,3.26,,729.5508423,,688390,Linear,0.000, ,N/A,,N/A,,,,,1
MGDG-32:0,,3.27,,746.5790405,,688390,Linear,0.000, ,N/A,,N/A,,,,,2
MGDG-32:0,,3.28,,751.5341797,,688390,Linear,0.000, ,N/A,,N/A,,,,,3
MGDG-31:1,,3.33,,732.5645752,,205968,Linear,0.000, ,N/A,,N/A,,,,,2
MGDG-31:1,,3.34,,737.5142212,,205968,Linear,0.000, ,N/A,,N/A,,,,,3
MGDG-31:1,,N/F,,N/F,,205968,Linear,0.000, ,N/F,,N/F,,,,,1
MGDG-28:1,,3.69,,673.4915771,,93700,Linear,0.000, ,N/A,,N/A,,,,,1
MGDG-28:1,,3.5,,690.5169067,,93700,Linear,0.000, ,N/A,,N/A,,,,,2
MGDG-28:1,,3.48,,695.4724731,,93700,Linear,0.000, ,N/A,,N/A,,,,,3
MGDG-30:2,,3.41,,716.531189,,149003,Linear,0.000, ,N/A,,N/A,,,,,2
MGDG-30:2,,N/F,,N/F,,149003,Linear,0.000, ,N/F,,N/F,,,,,1
MGDG-30:2,,N/F,,N/F,,149003,Linear,0.000, ,N/F,,N/F,,,,,3
MGDG-30:3,,3.49,,697.4882202,,38830,Linear,0.000, ,N/A,,N/A,,,,,1
MGDG-30:3,,3.48,,719.4735107,,38830,Linear,0.000, ,N/A,,N/A,,,,,3
MGDG-30:3,,N/F,,N/F,,38830,Linear,0.000, ,N/F,,N/F,,,,,2
MGDG-30:0,,3.36,,720.5596313,,521808,Linear,0.000, ,N/A,,N/A,,,,,1
MGDG-30:0,,3.35,,725.5162354,,521808,Linear,0.000, ,N/A,,N/A,,,,,2
MGDG-30:0,,3.37,,703.534729,,521808,Linear,0.000, ,N/A,,N/A,,,,,3
MGDG-27:2,,4.02,,676.5021362,,3990,Linear,0.000, ,N/A,,N/A,,,,,2
MGDG-27:2,,4.76,,681.4553223,,3990,Linear,0.000, ,N/A,,N/A,,,,,3
MGDG-27:2,,N/F,,N/F,,3990,Linear,0.000, ,N/F,,N/F,,,,,1
Gly-OH-GDGT-0,,4.4,,1479.355347,,396,Linear,0.000, ,N/A,,N/A,,,,,1
Gly-OH-GDGT-0,,N/F,,N/F,,396,Linear,0.000, ,N/F,,N/F,,,,,2
Gly-OH-GDGT-0,,N/F,,N/F,,396,Linear,0.000, ,N/F,,N/F,,,,,3
Gly-Cer-22:2,,6.24,,586.4337769,,2110,Linear,0.000, ,N/A,,N/A,,,,,1
Gly-Cer-22:2,,N/F,,N/F,,2110,Linear,0.000, ,N/F,,N/F,,,,,2
Gly-Cer-22:2,,N/F,,N/F,,2110,Linear,0.000, ,N/F,,N/F,,,,,3
Gly-Cer-25:6,,7.95,,609.413147,,419,Linear,0.000, ,N/A,,N/A,,,,,2
Gly-Cer-25:6,,N/F,,N/F,,419,Linear,0.000, ,N/F,,N/F,,,,,1
Gly-Cer-25:6,,N/F,,N/F,,419,Linear,0.000, ,N/F,,N/F,,,,,3
DGTS-40:1,,7.6,,822.7192383,,6195,Linear,0.000, ,N/A,,N/A,,,,,1
DGTS-40:1,,7.76,,839.7481079,,6195,Linear,0.000, ,N/A,,N/A,,,,,2
DGTS-40:1,,N/F,,N/F,,6195,Linear,0.000, ,N/F,,N/F,,,,,3
DGTS-36:2,,7.65,,762.624939,,38711,Linear,0.000, ,N/A,,N/A,,,,,2
DGTS-36:2,,N/F,,N/F,,38711,Linear,0.000, ,N/F,,N/F,,,,,1
DGTS-36:2,,N/F,,N/F,,38711,Linear,0.000, ,N/F,,N/F,,,,,3
Gly-Cer-21:6,,7.23,,581.3815918,,328,Linear,0.000, ,N/A,,N/A,,,,,2
Gly-Cer-21:6,,N/F,,N/F,,328,Linear,0.000, ,N/F,,N/F,,,,,1
Gly-Cer-21:6,,N/F,,N/F,,328,Linear,0.000, ,N/F,,N/F,,,,,3
1-GLC-CER,,7.83,,750.5889282,,16383,Linear,0.000, ,N/A,,N/A,,,,,3
1-GLC-CER,,N/F,,N/F,,16383,Linear,0.000, ,N/F,,N/F,,,,,1
1-GLC-CER,,N/F,,N/F,,16383,Linear,0.000, ,N/F,,N/F,,,,,2
DGTS-36:4,,7.62,,758.5917969,,3820,Linear,0.000, ,N/A,,N/A,,,,,1
DGTS-36:4,,N/F,,N/F,,3820,Linear,0.000, ,N/F,,N/F,,,,,2
DGTS-36:4,,N/F,,N/F,,3820,Linear,0.000, ,N/F,,N/F,,,,,3
DGTS-33:1,,7.7,,724.609436,,813009,Linear,0.000, ,N/A,,N/A,,,,,2
DGTS-33:1,,7.69,,741.6365967,,813009,Linear,0.000, ,N/A,,N/A,,,,,3
DGTS-33:1,,N/F,,N/F,,813009,Linear,0.000, ,N/F,,N/F,,,,,1
DGTS-34:2,,7.66,,736.6098022,,1538129,Linear,0.000, ,N/A,,N/A,,,,,1
DGTS-34:2,,7.66,,736.6098022,,1538129,Linear,0.000, ,N/A,,N/A,,,,,2
DGTS-34:2,,7.62,,758.5917969,,1538129,Linear,0.000, ,N/A,,N/A,,,,,3
DGTS-34:2,,8.07,,753.6381836,,1538129,Linear,0.000, ,N/A,,N/A,,,,,4
DGTS-34:2,,8.07,,753.6381836,,1538129,Linear,0.000, ,N/A,,N/A,,,,,5
DGTS-34:2,,7.62,,758.5917969,,1538129,Linear,0.000, ,N/A,,N/A,,,,,6
DGTS-32:1,,7.73,,710.5941162,,1110356,Linear,0.000, ,N/A,,N/A,,,,,1
DGTS-32:1,,7.7,,732.578125,,1110356,Linear,0.000, ,N/A,,N/A,,,,,2
DGTS-32:1,,7.68,,727.6226196,,1110356,Linear,0.000, ,N/A,,N/A,,,,,3
DGTS-36:6,,7.31,,776.5421143,,1681,Linear,0.000, ,N/A,,N/A,,,,,3
DGTS-36:6,,N/F,,N/F,,1681,Linear,0.000, ,N/F,,N/F,,,,,1
DGTS-36:6,,N/F,,N/F,,1681,Linear,0.000, ,N/F,,N/F,,,,,2
DGTS,,7.76,,712.6087646,,262938,Linear,0.000, ,N/A,,N/A,,,,,1
DGTS,,7.69,,734.5929565,,262938,Linear,0.000, ,N/A,,N/A,,,,,2
DGTS,,7.74,,729.6351318,,262938,Linear,0.000, ,N/A,,N/A,,,,,3
DGTS-34:4,,7.7,,732.578125,,4597,Linear,0.000, ,N/A,,N/A,,,,,1
DGTS-34:4,,7.63,,754.5557251,,4597,Linear,0.000, ,N/A,,N/A,,,,,2
DGTS-34:4,,N/F,,N/F,,4597,Linear,0.000, ,N/F,,N/F,,,,,3
DGTS-30:1,,7.81,,682.5629883,,169860,Linear,0.000, ,N/A,,N/A,,,,,1
DGTS-30:1,,7.25,,704.5413818,,169860,Linear,0.000, ,N/A,,N/A,,,,,2
DGTS-30:1,,N/F,,N/F,,169860,Linear,0.000, ,N/F,,N/F,,,,,3
DGTS-36:5,,7.64,,756.5784912,,1068,Linear,0.000, ,N/A,,N/A,,,,,1
DGTS-36:5,,7.64,,756.5784912,,1068,Linear,0.000, ,N/A,,N/A,,,,,2
DGTS-36:5,,7.64,,756.5784912,,1068,Linear,0.000, ,N/A,,N/A,,,,,5
DGTS-36:5,,N/F,,N/F,,1068,Linear,0.000, ,N/F,,N/F,,,,,3
DGTS-36:5,,N/F,,N/F,,1068,Linear,0.000, ,N/F,,N/F,,,,,4
DGTS-36:5,,N/F,,N/F,,1068,Linear,0.000, ,N/F,,N/F,,,,,6
DGTS-36:5,,N/F,,N/F,,1068,Linear,0.000, ,N/F,,N/F,,,,,7
DGTS-36:5,,N/F,,N/F,,1068,Linear,0.000, ,N/F,,N/F,,,,,8
DGTS-36:5,,N/F,,N/F,,1068,Linear,0.000, ,N/F,,N/F,,,,,9
DGTS-31:0,,7.79,,698.5939941,,153970,Linear,0.000, ,N/A,,N/A,,,,,1
DGTS-31:0,,7.77,,715.6190186,,153970,Linear,0.000, ,N/A,,N/A,,,,,2
DGTS-31:0,,N/F,,N/F,,153970,Linear,0.000, ,N/F,,N/F,,,,,3
DGTS-29:0,,7.85,,670.5628662,,216939,Linear,0.000, ,N/A,,N/A,,,,,1
DGTS-29:0,,7.83,,687.5888062,,216939,Linear,0.000, ,N/A,,N/A,,,,,2
DGTS-29:0,,N/F,,N/F,,216939,Linear,0.000, ,N/F,,N/F,,,,,3
DGTS-34:0,,7.76,,740.6367188,,65124,Linear,0.000, ,N/A,,N/A,,,,,1
DGTS-34:0,,8.16,,738.6234741,,65124,Linear,0.000, ,N/A,,N/A,,,,,3
DGTS-34:0,,7.65,,762.624939,,65124,Linear,0.000, ,N/A,,N/A,,,,,6
DGTS-34:0,,N/F,,N/F,,65124,Linear,0.000, ,N/F,,N/F,,,,,2
DGTS-34:0,,N/F,,N/F,,65124,Linear,0.000, ,N/F,,N/F,,,,,4
DGTS-34:0,,N/F,,N/F,,65124,Linear,0.000, ,N/F,,N/F,,,,,5
DGTS-34:1,,7.68,,738.6248169,,7389267,Linear,0.000, ,N/A,,N/A,,,,,1
DGTS-34:1,,7.63,,760.6083984,,7389267,Linear,0.000, ,N/A,,N/A,,,,,2
DGTS-34:1,,7.68,,738.6248169,,7389267,Linear,0.000, ,N/A,,N/A,,,,,3
DGTS-34:1,,7.68,,755.6530762,,7389267,Linear,0.000, ,N/A,,N/A,,,,,4
DGTS-34:1,,7.68,,755.6530762,,7389267,Linear,0.000, ,N/A,,N/A,,,,,5
DGTS-34:1,,7.63,,760.6083984,,7389267,Linear,0.000, ,N/A,,N/A,,,,,6
DGTS-34:3,,7.69,,734.5929565,,13176,Linear,0.000, ,N/A,,N/A,,,,,1
DGTS-34:3,,7.64,,756.5784912,,13176,Linear,0.000, ,N/A,,N/A,,,,,3
DGTS-34:3,,N/F,,N/F,,13176,Linear,0.000, ,N/F,,N/F,,,,,2
DGTS-35:1,,7.61,,750.6253052,,220725,Linear,0.000, ,N/A,,N/A,,,,,1
DGTS-35:1,,8.06,,767.6539917,,220725,Linear,0.000, ,N/A,,N/A,,,,,2
DGTS-35:1,,N/F,,N/F,,220725,Linear,0.000, ,N/F,,N/F,,,,,3
DGTS-39:1,,7.29,,830.6817017,,677,Linear,0.000, ,N/A,,N/A,,,,,3
DGTS-39:1,,N/F,,N/F,,677,Linear,0.000, ,N/F,,N/F,,,,,1
DGTS-39:1,,N/F,,N/F,,677,Linear,0.000, ,N/F,,N/F,,,,,2
DGTS-28:1,,7.85,,654.5320435,,36121,Linear,0.000, ,N/A,,N/A,,,,,1
DGTS-28:1,,7.36,,676.5090942,,36121,Linear,0.000, ,N/A,,N/A,,,,,2
DGTS-28:1,,N/F,,N/F,,36121,Linear,0.000, ,N/F,,N/F,,,,,3
DGTS-37:2,,7.58,,778.6569824,,34710,Linear,0.000, ,N/A,,N/A,,,,,1
DGTS-37:2,,N/F,,N/F,,34710,Linear,0.000, ,N/F,,N/F,,,,,2
DGTS-37:2,,N/F,,N/F,,34710,Linear,0.000, ,N/F,,N/F,,,,,3
DGTS-30:0,,7.81,,684.5785522,,206436,Linear,0.000, ,N/A,,N/A,,,,,1
DGTS-30:0,,7.76,,706.5621338,,206436,Linear,0.000, ,N/A,,N/A,,,,,2
DGTS-30:0,,7.83,,701.6018066,,206436,Linear,0.000, ,N/A,,N/A,,,,,3
DGTS-36:3,,7.63,,760.6083984,,8015,Linear,0.000, ,N/A,,N/A,,,,,1
DGTS-36:3,,N/F,,N/F,,8015,Linear,0.000, ,N/F,,N/F,,,,,2
DGTS-36:3,,N/F,,N/F,,8015,Linear,0.000, ,N/F,,N/F,,,,,3
DGTS-34:5,,7.68,,730.5638428,,2438,Linear,0.000, ,N/A,,N/A,,,,,1
DGTS-34:5,,N/F,,N/F,,2438,Linear,0.000, ,N/F,,N/F,,,,,2
DGTS-34:5,,N/F,,N/F,,2438,Linear,0.000, ,N/F,,N/F,,,,,3
DGTS-34:6,,7.95,,728.5478516,,5675,Linear,0.000, ,N/A,,N/A,,,,,1
DGTS-34:6,,8.22,,750.524231,,5675,Linear,0.000, ,N/A,,N/A,,,,,3
DGTS-34:6,,N/F,,N/F,,5675,Linear,0.000, ,N/F,,N/F,,,,,2
DGTS-28:0,,7.88,,656.5474243,,380155,Linear,0.000, ,N/A,,N/A,,,,,1
DGTS-28:0,,7.83,,673.5720215,,380155,Linear,0.000, ,N/A,,N/A,,,,,2
DGTS-28:0,,N/F,,N/F,,380155,Linear,0.000, ,N/F,,N/F,,,,,3
DGTS-32:0,,7.76,,712.6087646,,261218,Linear,0.000, ,N/A,,N/A,,,,,1
DGTS-32:0,,7.74,,729.6351318,,261218,Linear,0.000, ,N/A,,N/A,,,,,2
DGTS-32:0,,7.69,,734.5929565,,261218,Linear,0.000, ,N/A,,N/A,,,,,3
DGTS-38:1,,7.58,,794.6843872,,3708,Linear,0.000, ,N/A,,N/A,,,,,1
DGTS-38:1,,N/F,,N/F,,3708,Linear,0.000, ,N/F,,N/F,,,,,2
DGTS-38:1,,N/F,,N/F,,3708,Linear,0.000, ,N/F,,N/F,,,,,3
DGTS-32:2,,7.69,,708.5787964,,134437,Linear,0.000, ,N/A,,N/A,,,,,1
DGTS-32:2,,8.13,,725.6062012,,134437,Linear,0.000, ,N/A,,N/A,,,,,2
DGTS-32:2,,N/F,,N/F,,134437,Linear,0.000, ,N/F,,N/F,,,,,3
DGTS-34:8,,8.06,,734.4934692,,486,Linear,0.000, ,N/A,,N/A,,,,,3
DGTS-34:8,,N/F,,N/F,,486,Linear,0.000, ,N/F,,N/F,,,,,1
DGTS-34:8,,N/F,,N/F,,486,Linear,0.000, ,N/F,,N/F,,,,,2
DGTS-27:0,,8.35,,642.5320435,,84342,Linear,0.000, ,N/A,,N/A,,,,,1
DGTS-27:0,,7.88,,659.5545044,,84342,Linear,0.000, ,N/A,,N/A,,,,,2
DGTS-27:0,,8.33,,664.5153198,,84342,Linear,0.000, ,N/A,,N/A,,,,,3
DGTS-32:3,,7.76,,706.5621338,,4122,Linear,0.000, ,N/A,,N/A,,,,,1
DGTS-32:3,,N/F,,N/F,,4122,Linear,0.000, ,N/F,,N/F,,,,,2
DGTS-32:3,,N/F,,N/F,,4122,Linear,0.000, ,N/F,,N/F,,,,,3
DGTS-26:0,,7.93,,628.5158081,,6810,Linear,0.000, ,N/A,,N/A,,,,,1
DGTS-26:0,,7.5,,650.4983521,,6810,Linear,0.000, ,N/A,,N/A,,,,,3
DGTS-26:0,,N/F,,N/F,,6810,Linear,0.000, ,N/F,,N/F,,,,,2
DGTS-29:1,,7.81,,668.546814,,27202,Linear,0.000, ,N/A,,N/A,,,,,1
DGTS-29:1,,8.23,,685.5742798,,27202,Linear,0.000, ,N/A,,N/A,,,,,2
DGTS-29:1,,8.11,,690.5310059,,27202,Linear,0.000, ,N/A,,N/A,,,,,3
DGTS-37:6,,8.44,,792.5733032,,924,Linear,0.000, ,N/A,,N/A,,,,,3
DGTS-37:6,,N/F,,N/F,,924,Linear,0.000, ,N/F,,N/F,,,,,1
DGTS-37:6,,N/F,,N/F,,924,Linear,0.000, ,N/F,,N/F,,,,,2
DGTS-32:4,,7.74,,704.5454102,,6880,Linear,0.000, ,N/A,,N/A,,,,,1
DGTS-32:4,,7.68,,726.5266113,,6880,Linear,0.000, ,N/A,,N/A,,,,,3
DGTS-32:4,,N/F,,N/F,,6880,Linear,0.000, ,N/F,,N/F,,,,,2
PG-DAG-26:0,,8.26,,656.4522705,,4090,Linear,0.000, ,N/A,,N/A,,,,,2
PG-DAG-26:0,,N/F,,N/F,,4090,Linear,0.000, ,N/F,,N/F,,,,,1
PG-DAG-26:0,,N/F,,N/F,,4090,Linear,0.000, ,N/F,,N/F,,,,,3
DGTS-37:1,,7.59,,780.6715088,,16622,Linear,0.000, ,N/A,,N/A,,,,,1
DGTS-37:1,,N/F,,N/F,,16622,Linear,0.000, ,N/F,,N/F,,,,,2
DGTS-37:1,,N/F,,N/F,,16622,Linear,0.000, ,N/F,,N/F,,,,,3
DGTS-35:0,,7.66,,752.640686,,400736,Linear,0.000, ,N/A,,N/A,,,,,1
DGTS-35:0,,N/F,,N/F,,400736,Linear,0.000, ,N/F,,N/F,,,,,2
DGTS-35:0,,N/F,,N/F,,400736,Linear,0.000, ,N/F,,N/F,,,,,3
DGTS-31:1,,7.76,,696.5787354,,219638,Linear,0.000, ,N/A,,N/A,,,,,1
DGTS-31:1,,N/F,,N/F,,219638,Linear,0.000, ,N/F,,N/F,,,,,2
DGTS-31:1,,N/F,,N/F,,219638,Linear,0.000, ,N/F,,N/F,,,,,3
DGTS-33:0,,8.03,,714.623291,,112704,Linear,0.000, ,N/A,,N/A,,,,,1
DGTS-33:0,,7.81,,736.6090088,,112704,Linear,0.000, ,N/A,,N/A,,,,,3
DGTS-33:0,,7.74,,726.6236572,,112704,Linear,0.000, ,N/A,,N/A,,,,,4
DGTS-33:0,,7.71,,743.6500244,,112704,Linear,0.000, ,N/A,,N/A,,,,,5
DGTS-33:0,,7.66,,748.6088257,,112704,Linear,0.000, ,N/A,,N/A,,,,,6
DGTS-33:0,,N/F,,N/F,,112704,Linear,0.000, ,N/F,,N/F,,,,,2
PDME-DAG-35:1,,8.29,,760.5838013,,19228,Linear,0.000, ,N/A,,N/A,,,,,1
PDME-DAG-35:1,,N/F,,N/F,,19228,Linear,0.000, ,N/F,,N/F,,,,,2
PDME-DAG-35:1,,N/F,,N/F,,19228,Linear,0.000, ,N/F,,N/F,,,,,3
DGTS-25:0,,8.27,,631.5283203,,1807,Linear,0.000, ,N/A,,N/A,,,,,2
DGTS-25:0,,7.89,,636.4831543,,1807,Linear,0.000, ,N/A,,N/A,,,,,3
DGTS-25:0,,N/F,,N/F,,1807,Linear,0.000, ,N/F,,N/F,,,,,1
C16PDME,,8.42,,720.5549316,,74033,Linear,0.000, ,N/A,,N/A,,,,,1
C16PDME,,7.9,,737.5769653,,74033,Linear,0.000, ,N/A,,N/A,,,,,2
C16PDME,,8.53,,742.538269,,74033,Linear,0.000, ,N/A,,N/A,,,,,3
DGTA-26:0,,7.93,,628.5158081,,6489,Linear,0.000, ,N/A,,N/A,,,,,1
DGTA-26:0,,N/F,,N/F,,6489,Linear,0.000, ,N/F,,N/F,,,,,2
DGTA-26:0,,N/F,,N/F,,6489,Linear,0.000, ,N/F,,N/F,,,,,3
DGTA-24:0,,8.04,,617.5127563,,269,Linear,0.000, ,N/A,,N/A,,,,,2
DGTA-24:0,,N/F,,N/F,,269,Linear,0.000, ,N/F,,N/F,,,,,1
DGTA-24:0,,N/F,,N/F,,269,Linear,0.000, ,N/F,,N/F,,,,,3
PDME-DAG-30:0,,8.5,,692.5233154,,901696,Linear,0.000, ,N/A,,N/A,,,,,1
PDME-DAG-30:0,,8.96,,709.5482788,,901696,Linear,0.000, ,N/A,,N/A,,,,,2
PDME-DAG-30:0,,8.95,,714.5073853,,901696,Linear,0.000, ,N/A,,N/A,,,,,3
DGTA-25:0,,8.98,,636.4833374,,397,Linear,0.000, ,N/A,,N/A,,,,,3
DGTA-25:0,,N/F,,N/F,,397,Linear,0.000, ,N/F,,N/F,,,,,1
DGTA-25:0,,N/F,,N/F,,397,Linear,0.000, ,N/F,,N/F,,,,,2
DGTA-32:1,,9.7,,710.5941162,,58951,Linear,0.000, ,N/A,,N/A,,,,,1
DGTA-32:1,,9.62,,732.5784302,,58951,Linear,0.000, ,N/A,,N/A,,,,,3
DGTA-32:1,,N/F,,N/F,,58951,Linear,0.000, ,N/F,,N/F,,,,,2
DGTA-32:2,,9.71,,708.5776367,,29586,Linear,0.000, ,N/A,,N/A,,,,,1
DGTA-32:2,,N/F,,N/F,,29586,Linear,0.000, ,N/F,,N/F,,,,,2
DGTA-32:2,,N/F,,N/F,,29586,Linear,0.000, ,N/F,,N/F,,,,,3
DGTA-33:1,,9.68,,724.6090088,,13850,Linear,0.000, ,N/A,,N/A,,,,,1
DGTA-33:1,,N/F,,N/F,,13850,Linear,0.000, ,N/F,,N/F,,,,,2
DGTA-33:1,,N/F,,N/F,,13850,Linear,0.000, ,N/F,,N/F,,,,,3
DGTA-34:5,,9.19,,730.5648804,,498032,Linear,0.000, ,N/A,,N/A,,,,,1
DGTA-34:5,,9.96,,752.5445557,,498032,Linear,0.000, ,N/A,,N/A,,,,,3
DGTA-34:5,,N/F,,N/F,,498032,Linear,0.000, ,N/F,,N/F,,,,,2
DGTA-36:2,,9.57,,764.6396484,,14780,Linear,0.000, ,N/A,,N/A,,,,,2
DGTA-36:2,,N/F,,N/F,,14780,Linear,0.000, ,N/F,,N/F,,,,,1
DGTA-36:2,,N/F,,N/F,,14780,Linear,0.000, ,N/F,,N/F,,,,,3
DGTA-38:6,,9.43,,784.6096191,,15447,Linear,0.000, ,N/A,,N/A,,,,,1
DGTA-38:6,,9.85,,806.5936279,,15447,Linear,0.000, ,N/A,,N/A,,,,,3
DGTA-38:6,,N/F,,N/F,,15447,Linear,0.000, ,N/F,,N/F,,,,,2
DGTA-36:6,,9.52,,756.5782471,,95465,Linear,0.000, ,N/A,,N/A,,,,,1
DGTA-36:6,,9.87,,778.5597534,,95465,Linear,0.000, ,N/A,,N/A,,,,,3
DGTA-36:6,,N/F,,N/F,,95465,Linear,0.000, ,N/F,,N/F,,,,,2
DGTA-35:1,,9.6,,752.6417847,,470,Linear,0.000, ,N/A,,N/A,,,,,1
DGTA-35:1,,N/F,,N/F,,470,Linear,0.000, ,N/F,,N/F,,,,,2
DGTA-35:1,,N/F,,N/F,,470,Linear,0.000, ,N/F,,N/F,,,,,3
DGTA-38:5,,9.43,,803.6534424,,15254,Linear,0.000, ,N/A,,N/A,,,,,2
DGTA-38:5,,9.85,,808.6098022,,15254,Linear,0.000, ,N/A,,N/A,,,,,3
DGTA-38:5,,N/F,,N/F,,15254,Linear,0.000, ,N/F,,N/F,,,,,1
DGTA-42:11,,9.09,,830.5921631,,19142,Linear,0.000, ,N/A,,N/A,,,,,1
DGTA-42:11,,N/F,,N/F,,19142,Linear,0.000, ,N/F,,N/F,,,,,2
DGTA-42:11,,N/F,,N/F,,19142,Linear,0.000, ,N/F,,N/F,,,,,3
DGTA-40:10,,9.58,,812.555603,,8219,Linear,0.000, ,N/A,,N/A,,,,,1
DGTA-40:10,,9.92,,807.5987549,,8219,Linear,0.000, ,N/A,,N/A,,,,,3
DGTA-40:10,,N/F,,N/F,,8219,Linear,0.000, ,N/F,,N/F,,,,,2
PME-DEG-38:4,,9.71,,762.5738525,,1256,Linear,0.000, ,N/A,,N/A,,,,,3
PME-DEG-38:4,,N/F,,N/F,,1256,Linear,0.000, ,N/F,,N/F,,,,,1
PME-DEG-38:4,,N/F,,N/F,,1256,Linear,0.000, ,N/F,,N/F,,,,,2
DGTA-34:1,,9.63,,738.6260986,,32673,Linear,0.000, ,N/A,,N/A,,,,,2
DGTA-34:1,,N/F,,N/F,,32673,Linear,0.000, ,N/F,,N/F,,,,,1
DGTA-34:1,,N/F,,N/F,,32673,Linear,0.000, ,N/F,,N/F,,,,,3
PG-DAG-34:1,,9.99,,745.5016479,,110192,Linear,0.000, ,N/A,,N/A,,,,,1
PG-DAG-34:1,,9.91,,762.531189,,110192,Linear,0.000, ,N/A,,N/A,,,,,2
PG-DAG-34:1,,9.98,,767.4846191,,110192,Linear,0.000, ,N/A,,N/A,,,,,3
DGTA-21:0,,9.29,,558.4383545,,2143,Linear,0.000, ,N/A,,N/A,,,,,1
DGTA-21:0,,9.14,,575.4654541,,2143,Linear,0.000, ,N/A,,N/A,,,,,2
DGTA-21:0,,9.41,,580.4189453,,2143,Linear,0.000, ,N/A,,N/A,,,,,3
DGTA-34:2,,9.63,,736.6095581,,13322,Linear,0.000, ,N/A,,N/A,,,,,1
DGTA-34:2,,N/F,,N/F,,13322,Linear,0.000, ,N/F,,N/F,,,,,2
DGTA-34:2,,N/F,,N/F,,13322,Linear,0.000, ,N/F,,N/F,,,,,3
PME-DAG-34:2,,9.57,,730.5386963,,388755,Linear,0.000, ,N/A,,N/A,,,,,1
PME-DAG-34:2,,9.55,,752.5200195,,388755,Linear,0.000, ,N/A,,N/A,,,,,3
PME-DAG-34:2,,N/F,,N/F,,388755,Linear,0.000, ,N/F,,N/F,,,,,2
C16PA,,9.65,,688.4917603,,2323,Linear,0.000, ,N/A,,N/A,,,,,1
C16PA,,9.21,,671.4625244,,2323,Linear,0.000, ,N/A,,N/A,,,,,2
C16PA,,N/F,,N/F,,2323,Linear,0.000, ,N/F,,N/F,,,,,3
DGTA-34:4,,9.62,,732.5784302,,485807,Linear,0.000, ,N/A,,N/A,,,,,1
DGTA-34:4,,9.32,,749.6026001,,485807,Linear,0.000, ,N/A,,N/A,,,,,2
DGTA-34:4,,9.94,,754.5594482,,485807,Linear,0.000, ,N/A,,N/A,,,,,3
PME-DAG-33:1,,9.64,,718.5388794,,283593,Linear,0.000, ,N/A,,N/A,,,,,1
PME-DAG-33:1,,9.65,,740.522644,,283593,Linear,0.000, ,N/A,,N/A,,,,,3
PME-DAG-33:1,,N/F,,N/F,,283593,Linear,0.000, ,N/F,,N/F,,,,,2
DGTA-30:0,,9.81,,684.5786133,,102612,Linear,0.000, ,N/A,,N/A,,,,,1
DGTA-30:0,,9.76,,706.5619507,,102612,Linear,0.000, ,N/A,,N/A,,,,,3
DGTA-30:0,,N/F,,N/F,,102612,Linear,0.000, ,N/F,,N/F,,,,,2
C16PME,,9.68,,706.5387573,,107498,Linear,0.000, ,N/A,,N/A,,,,,1
C16PME,,9.68,,728.5200806,,107498,Linear,0.000, ,N/A,,N/A,,,,,2
C16PME,,N/F,,N/F,,107498,Linear,0.000, ,N/F,,N/F,,,,,3
C16-PE,,9.72,,692.5237427,,145343,Linear,0.000, ,N/A,,N/A,,,,,1
C16-PE,,9.71,,714.5044556,,145343,Linear,0.000, ,N/A,,N/A,,,,,2
C16-PE,,9.69,,709.5474854,,145343,Linear,0.000, ,N/A,,N/A,,,,,3
DGTS-19:0,,10.12,,530.4068604,,480,Linear,0.000, ,N/A,,N/A,,,,,1
DGTS-19:0,,9.27,,552.3845215,,480,Linear,0.000, ,N/A,,N/A,,,,,3
DGTS-19:0,,N/F,,N/F,,480,Linear,0.000, ,N/F,,N/F,,,,,2
PME-DAG-30:0,,9.77,,678.5076904,,683401,Linear,0.000, ,N/A,,N/A,,,,,1
PME-DAG-30:0,,9.77,,700.4900513,,683401,Linear,0.000, ,N/A,,N/A,,,,,2
PME-DAG-30:0,,9.71,,695.5305786,,683401,Linear,0.000, ,N/A,,N/A,,,,,3
DGTA-30:1,,9.77,,682.5626221,,159565,Linear,0.000, ,N/A,,N/A,,,,,1
DGTA-30:1,,10.12,,704.5403442,,159565,Linear,0.000, ,N/A,,N/A,,,,,2
DGTA-30:1,,N/F,,N/F,,159565,Linear,0.000, ,N/F,,N/F,,,,,3
PME-DAG-31:0,,9.72,,692.5237427,,144513,Linear,0.000, ,N/A,,N/A,,,,,1
PME-DAG-31:0,,9.71,,714.5044556,,144513,Linear,0.000, ,N/A,,N/A,,,,,2
PME-DAG-31:0,,9.69,,709.5474854,,144513,Linear,0.000, ,N/A,,N/A,,,,,3
PG-DAG-36:1,,9.87,,792.5760498,,187952,Linear,0.000, ,N/A,,N/A,,,,,1
PG-DAG-36:1,,9.87,,775.5471191,,187952,Linear,0.000, ,N/A,,N/A,,,,,2
PG-DAG-36:1,,9.86,,797.5315552,,187952,Linear,0.000, ,N/A,,N/A,,,,,3
DGTA-29:0,,9.85,,670.5626831,,109171,Linear,0.000, ,N/A,,N/A,,,,,1
DGTA-29:0,,9.82,,687.5896606,,109171,Linear,0.000, ,N/A,,N/A,,,,,2
DGTA-29:0,,N/F,,N/F,,109171,Linear,0.000, ,N/F,,N/F,,,,,3
PME-DEG-36:5,,10.15,,710.5448608,,6088,Linear,0.000, ,N/A,,N/A,,,,,1
PME-DEG-36:5,,9.35,,727.5778198,,6088,Linear,0.000, ,N/A,,N/A,,,,,2
PME-DEG-36:5,,N/F,,N/F,,6088,Linear,0.000, ,N/F,,N/F,,,,,3
PG-DAG-36:2,,9.87,,792.5760498,,187952,Linear,0.000, ,N/A,,N/A,,,,,1
PG-DAG-36:2,,9.87,,775.5471191,,187952,Linear,0.000, ,N/A,,N/A,,,,,2
PG-DAG-36:2,,9.86,,797.5315552,,187952,Linear,0.000, ,N/A,,N/A,,,,,3
PG-DAG-35:1,,9.87,,785.531189,,297414,Linear,0.000, ,N/A,,N/A,,,,,1
PG-DAG-35:1,,9.87,,763.5490112,,297414,Linear,0.000, ,N/A,,N/A,,,,,2
PG-DAG-35:1,,9.95,,780.578064,,297414,Linear,0.000, ,N/A,,N/A,,,,,3
DGTA-28:0,,9.88,,656.5466919,,191913,Linear,0.000, ,N/A,,N/A,,,,,1
DGTA-28:0,,9.88,,673.5739136,,191913,Linear,0.000, ,N/A,,N/A,,,,,2
DGTA-28:0,,N/F,,N/F,,191913,Linear,0.000, ,N/F,,N/F,,,,,3
PG-DAG-35:2,,9.87,,778.5597534,,171016,Linear,0.000, ,N/A,,N/A,,,,,1
PG-DAG-35:2,,9.89,,783.5153809,,171016,Linear,0.000, ,N/A,,N/A,,,,,2
PG-DAG-35:2,,9.88,,761.5336914,,171016,Linear,0.000, ,N/A,,N/A,,,,,3
PG-DAG-34:2,,9.88,,764.5438232,,653818,Linear,0.000, ,N/A,,N/A,,,,,1
PG-DAG-34:2,,9.94,,747.5175781,,653818,Linear,0.000, ,N/A,,N/A,,,,,2
PG-DAG-34:2,,9.88,,769.5001221,,653818,Linear,0.000, ,N/A,,N/A,,,,,3
PG-DAG-30:1,,10.11,,693.4711304,,85780,Linear,0.000, ,N/A,,N/A,,,,,1
PG-DAG-30:1,,10.06,,710.4946289,,85780,Linear,0.000, ,N/A,,N/A,,,,,2
PG-DAG-30:1,,10.08,,715.4537354,,85780,Linear,0.000, ,N/A,,N/A,,,,,3
PG-DAG-34:3,,9.91,,762.531189,,110192,Linear,0.000, ,N/A,,N/A,,,,,1
PG-DAG-34:3,,9.99,,745.5016479,,110192,Linear,0.000, ,N/A,,N/A,,,,,2
PG-DAG-34:3,,9.98,,767.4846191,,110192,Linear,0.000, ,N/A,,N/A,,,,,3
C16-PG,,9.99,,745.5016479,,77203,Linear,0.000, ,N/A,,N/A,,,,,1
C16-PG,,9.95,,762.5288696,,77203,Linear,0.000, ,N/A,,N/A,,,,,2
C16-PG,,9.98,,767.4846191,,77203,Linear,0.000, ,N/A,,N/A,,,,,3
PG-DAG-37:2,,9.83,,789.56427,,69723,Linear,0.000, ,N/A,,N/A,,,,,1
PG-DAG-37:2,,9.85,,806.5936279,,69723,Linear,0.000, ,N/A,,N/A,,,,,2
PG-DAG-37:2,,10.37,,811.5440674,,69723,Linear,0.000, ,N/A,,N/A,,,,,3
PG-DAG-32:1,,9.97,,738.5289917,,705091,Linear,0.000, ,N/A,,N/A,,,,,1
PG-DAG-32:1,,9.97,,721.5020752,,705091,Linear,0.000, ,N/A,,N/A,,,,,2
PG-DAG-32:1,,9.97,,743.4840088,,705091,Linear,0.000, ,N/A,,N/A,,,,,3
PG-DEG-37:0,,9.94,,757.5710449,,1158,Linear,0.000, ,N/A,,N/A,,,,,1
PG-DEG-37:0,,10.14,,779.5571899,,1158,Linear,0.000, ,N/A,,N/A,,,,,3
PG-DEG-37:0,,N/F,,N/F,,1158,Linear,0.000, ,N/F,,N/F,,,,,2
PG-DAG-32:0,,9.99,,740.5441284,,276531,Linear,0.000, ,N/A,,N/A,,,,,1
PG-DAG-32:0,,9.99,,745.5016479,,276531,Linear,0.000, ,N/A,,N/A,,,,,2
PG-DAG-32:0,,10,,723.5172119,,276531,Linear,0.000, ,N/A,,N/A,,,,,3
PME-DAG-38:2,,9.54,,786.6043091,,24789,Linear,0.000, ,N/A,,N/A,,,,,1
PME-DAG-38:2,,10.3,,803.6247559,,24789,Linear,0.000, ,N/A,,N/A,,,,,2
PME-DAG-38:2,,10.31,,808.579834,,24789,Linear,0.000, ,N/A,,N/A,,,,,3
PG-DAG-33:1,,9.96,,752.5445557,,1102732,Linear,0.000, ,N/A,,N/A,,,,,1
PG-DAG-33:1,,9.96,,735.5176392,,1102732,Linear,0.000, ,N/A,,N/A,,,,,2
PG-DAG-33:1,,9.96,,757.4996338,,1102732,Linear,0.000, ,N/A,,N/A,,,,,3
PG-DAG-36:5,,9.88,,769.5001221,,438476,Linear,0.000, ,N/A,,N/A,,,,,1
PG-DAG-36:5,,10.48,,786.5297852,,438476,Linear,0.000, ,N/A,,N/A,,,,,2
PG-DAG-36:5,,10.5,,791.4840698,,438476,Linear,0.000, ,N/A,,N/A,,,,,3
SQDG-31:0,,10.42,,798.5402832,,615738,Linear,0.000, ,N/A,,N/A,,,,,2
SQDG-31:0,,10.44,,803.4957886,,615738,Linear,0.000, ,N/A,,N/A,,,,,3
SQDG-31:0,,N/F,,N/F,,615738,Linear,0.000, ,N/F,,N/F,,,,,1
PME-DEG-33:0,,9.68,,678.5796509,,14601,Linear,0.000, ,N/A,,N/A,,,,,1
PME-DEG-33:0,,10.54,,700.5634155,,14601,Linear,0.000, ,N/A,,N/A,,,,,3
PME-DEG-33:0,,N/F,,N/F,,14601,Linear,0.000, ,N/F,,N/F,,,,,2
PME-DAG-37:2,,10.55,,772.5830688,,153105,Linear,0.000, ,N/A,,N/A,,,,,1
PME-DAG-37:2,,9.97,,794.565918,,153105,Linear,0.000, ,N/A,,N/A,,,,,3
PME-DAG-37:2,,N/F,,N/F,,153105,Linear,0.000, ,N/F,,N/F,,,,,2
PC-38:1,,10.07,,800.5257568,,1924,Linear,0.000, ,N/A,,N/A,,,,,1
PC-38:1,,9.86,,817.5521851,,1924,Linear,0.000, ,N/A,,N/A,,,,,2
PC-38:1,,9.91,,822.5032349,,1924,Linear,0.000, ,N/A,,N/A,,,,,3
SQ-DAG,,10.31,,834.5358887,,481,Linear,0.000, ,N/A,,N/A,,,,,1
SQ-DAG,,N/F,,N/F,,481,Linear,0.000, ,N/F,,N/F,,,,,2
SQ-DAG,,N/F,,N/F,,481,Linear,0.000, ,N/F,,N/F,,,,,3
PC-ARCHAEOL,,10.43,,818.7369385,,263054,Linear,0.000, ,N/A,,N/A,,,,,1
PC-ARCHAEOL,,N/F,,N/F,,263054,Linear,0.000, ,N/F,,N/F,,,,,2
PC-ARCHAEOL,,N/F,,N/F,,263054,Linear,0.000, ,N/F,,N/F,,,,,3
PME-DAG-36:2,,10.32,,775.59375,,496528,Linear,0.000, ,N/A,,N/A,,,,,1
PME-DAG-36:2,,10.57,,758.5695801,,496528,Linear,0.000, ,N/A,,N/A,,,,,2
PME-DAG-36:2,,10.4,,780.5539551,,496528,Linear,0.000, ,N/A,,N/A,,,,,3
PE-AR,,10.35,,776.6896973,,372939,Linear,0.000, ,N/A,,N/A,,,,,1
PE-AR,,10.42,,798.6708374,,372939,Linear,0.000, ,N/A,,N/A,,,,,3
PE-AR,,N/F,,N/F,,372939,Linear,0.000, ,N/F,,N/F,,,,,2
SQDG-32:1,,10.37,,810.5404663,,167609,Linear,0.000, ,N/A,,N/A,,,,,1
SQDG-32:1,,10.39,,815.4971313,,167609,Linear,0.000, ,N/A,,N/A,,,,,2
SQDG-32:1,,N/F,,N/F,,167609,Linear,0.000, ,N/F,,N/F,,,,,3
C21-PC,,10.62,,874.7285767,,5807,Linear,0.000, ,N/A,,N/A,,,,,1
C21-PC,,N/F,,N/F,,5807,Linear,0.000, ,N/F,,N/F,,,,,2
C21-PC,,N/F,,N/F,,5807,Linear,0.000, ,N/F,,N/F,,,,,3
SQDG-32:0,,10.38,,812.5565186,,406003,Linear,0.000, ,N/A,,N/A,,,,,2
SQDG-32:0,,10.38,,817.512085,,406003,Linear,0.000, ,N/A,,N/A,,,,,3
SQDG-32:0,,N/F,,N/F,,406003,Linear,0.000, ,N/F,,N/F,,,,,1
PC-38:6,,10.32,,806.5700073,,117506,Linear,0.000, ,N/A,,N/A,,,,,1
PC-38:6,,10.54,,823.5921021,,117506,Linear,0.000, ,N/A,,N/A,,,,,2
PC-38:6,,10.33,,828.5488892,,117506,Linear,0.000, ,N/A,,N/A,,,,,3
DGCC-33:0,,10.53,,742.6188354,,1208112,Linear,0.000, ,N/A,,N/A,,,,,1
DGCC-33:0,,10.56,,764.6045532,,1208112,Linear,0.000, ,N/A,,N/A,,,,,2
DGCC-33:0,,10.57,,759.6464844,,1208112,Linear,0.000, ,N/A,,N/A,,,,,3
PC-44:12,,10.92,,878.5675049,,396,Linear,0.000, ,N/A,,N/A,,,,,1
PC-44:12,,N/F,,N/F,,396,Linear,0.000, ,N/F,,N/F,,,,,2
PC-44:12,,N/F,,N/F,,396,Linear,0.000, ,N/F,,N/F,,,,,3
PC-40:9,,10.2,,828.553833,,475,Linear,0.000, ,N/A,,N/A,,,,,2
PC-40:9,,N/F,,N/F,,475,Linear,0.000, ,N/F,,N/F,,,,,1
PC-40:9,,N/F,,N/F,,475,Linear,0.000, ,N/F,,N/F,,,,,3
PC-42:11,,10.13,,852.5544434,,8283,Linear,0.000, ,N/A,,N/A,,,,,1
PC-42:11,,10.89,,869.5834351,,8283,Linear,0.000, ,N/A,,N/A,,,,,2
PC-42:11,,N/F,,N/F,,8283,Linear,0.000, ,N/F,,N/F,,,,,3
SQDG-34:5,,10.21,,830.5102539,,413,Linear,0.000, ,N/A,,N/A,,,,,2
SQDG-34:5,,N/F,,N/F,,413,Linear,0.000, ,N/F,,N/F,,,,,1
SQDG-34:5,,N/F,,N/F,,413,Linear,0.000, ,N/F,,N/F,,,,,3
PC-40:10,,10.57,,826.5408325,,7736,Linear,0.000, ,N/A,,N/A,,,,,1
PC-40:10,,10.45,,848.5222778,,7736,Linear,0.000, ,N/A,,N/A,,,,,3
PC-40:10,,N/F,,N/F,,7736,Linear,0.000, ,N/F,,N/F,,,,,2
PC-38:5,,10.32,,808.5810547,,13903,Linear,0.000, ,N/A,,N/A,,,,,1
PC-38:5,,10.24,,830.5668335,,13903,Linear,0.000, ,N/A,,N/A,,,,,3
PC-38:5,,N/F,,N/F,,13903,Linear,0.000, ,N/F,,N/F,,,,,2
PC-31:0,,10.74,,742.5379028,,692265,Linear,0.000, ,N/A,,N/A,,,,,1
PC-31:0,,10.74,,720.5539551,,692265,Linear,0.000, ,N/A,,N/A,,,,,2
PC-31:0,,10.73,,737.5792847,,692265,Linear,0.000, ,N/A,,N/A,,,,,3
PC-36:5,,10.4,,780.5539551,,31725,Linear,0.000, ,N/A,,N/A,,,,,1
PC-36:5,,10.53,,797.583313,,31725,Linear,0.000, ,N/A,,N/A,,,,,2
PC-36:5,,10.29,,802.5323486,,31725,Linear,0.000, ,N/A,,N/A,,,,,3
PG-DEG-38:2,,10.71,,792.6445923,,866,Linear,0.000, ,N/A,,N/A,,,,,2
PG-DEG-38:2,,N/F,,N/F,,866,Linear,0.000, ,N/F,,N/F,,,,,1
PG-DEG-38:2,,N/F,,N/F,,866,Linear,0.000, ,N/F,,N/F,,,,,3
PC-32:0,,10.69,,734.569397,,888727,Linear,0.000, ,N/A,,N/A,,,,,1
PC-32:0,,10.67,,756.5516968,,888727,Linear,0.000, ,N/A,,N/A,,,,,2
PC-32:0,,N/F,,N/F,,888727,Linear,0.000, ,N/F,,N/F,,,,,3
C16-PC,,10.69,,734.569397,,888727,Linear,0.000, ,N/A,,N/A,,,,,1
C16-PC,,10.67,,756.5516968,,888727,Linear,0.000, ,N/A,,N/A,,,,,2
C16-PC,,N/F,,N/F,,888727,Linear,0.000, ,N/F,,N/F,,,,,3
DGCC-32:0,,10.56,,728.6033936,,13718882,Linear,0.000, ,N/A,,N/A,,,,,1
DGCC-32:0,,10.53,,745.6289673,,13718882,Linear,0.000, ,N/A,,N/A,,,,,2
DGCC-32:0,,10.45,,750.5888672,,13718882,Linear,0.000, ,N/A,,N/A,,,,,3
SQDG-28:0,,10.62,,756.4923096,,1326660,Linear,0.000, ,N/A,,N/A,,,,,1
SQDG-28:0,,10.62,,761.4477539,,1326660,Linear,0.000, ,N/A,,N/A,,,,,2
SQDG-28:0,,N/F,,N/F,,1326660,Linear,0.000, ,N/F,,N/F,,,,,3
SQDG-34:1,,10.24,,821.5479126,,111095,Linear,0.000, ,N/A,,N/A,,,,,1
SQDG-34:1,,10.27,,838.5722046,,111095,Linear,0.000, ,N/A,,N/A,,,,,2
SQDG-34:1,,10.28,,843.5283203,,111095,Linear,0.000, ,N/A,,N/A,,,,,3
SQDG-29:0,,10.55,,770.5079956,,1079705,Linear,0.000, ,N/A,,N/A,,,,,2
SQDG-29:0,,10.54,,775.4616699,,1079705,Linear,0.000, ,N/A,,N/A,,,,,3
SQDG-29:0,,N/F,,N/F,,1079705,Linear,0.000, ,N/F,,N/F,,,,,1
DGCC-29:0,,10.7,,686.5567627,,1057881,Linear,0.000, ,N/A,,N/A,,,,,1
DGCC-29:0,,10.65,,703.5811157,,1057881,Linear,0.000, ,N/A,,N/A,,,,,2
DGCC-29:0,,10.69,,708.5414429,,1057881,Linear,0.000, ,N/A,,N/A,,,,,3
DGCC-28:0,,10.74,,672.5414429,,2790134,Linear,0.000, ,N/A,,N/A,,,,,1
DGCC-28:0,,10.69,,689.5665894,,2790134,Linear,0.000, ,N/A,,N/A,,,,,2
DGCC-28:0,,10.64,,694.5251465,,2790134,Linear,0.000, ,N/A,,N/A,,,,,3
PC-28:0,,10.88,,678.5073242,,1910873,Linear,0.000, ,N/A,,N/A,,,,,1
PC-28:0,,10.82,,695.5336914,,1910873,Linear,0.000, ,N/A,,N/A,,,,,2
PC-28:0,,10.88,,700.4898071,,1910873,Linear,0.000, ,N/A,,N/A,,,,,3
PC-33:2,,10.63,,744.553772,,232785,Linear,0.000, ,N/A,,N/A,,,,,1
PC-33:2,,10.95,,766.5356445,,232785,Linear,0.000, ,N/A,,N/A,,,,,3
PC-33:2,,N/F,,N/F,,232785,Linear,0.000, ,N/F,,N/F,,,,,2
PE-DEG-28:0,,11.16,,608.503418,,5837,Linear,0.000, ,N/A,,N/A,,,,,1
PE-DEG-28:0,,10.38,,630.4801636,,5837,Linear,0.000, ,N/A,,N/A,,,,,3
PE-DEG-28:0,,N/F,,N/F,,5837,Linear,0.000, ,N/F,,N/F,,,,,2
SQDG-38:4,,10.33,,871.5628052,,1051,Linear,0.000, ,N/A,,N/A,,,,,1
SQDG-38:4,,10.64,,888.5864868,,1051,Linear,0.000, ,N/A,,N/A,,,,,2
SQDG-38:4,,N/F,,N/F,,1051,Linear,0.000, ,N/F,,N/F,,,,,3
SQDG-34:2,,11.01,,836.5551147,,3426,Linear,0.000, ,N/A,,N/A,,,,,2
SQDG-34:2,,N/F,,N/F,,3426,Linear,0.000, ,N/F,,N/F,,,,,1
SQDG-34:2,,N/F,,N/F,,3426,Linear,0.000, ,N/F,,N/F,,,,,3
SQDG-34:3,,10.37,,839.4937744,,72295,Linear,0.000, ,N/A,,N/A,,,,,1
SQDG-34:3,,10.38,,817.512085,,72295,Linear,0.000, ,N/A,,N/A,,,,,2
SQDG-34:3,,10.31,,834.5358887,,72295,Linear,0.000, ,N/A,,N/A,,,,,3
SQDG-34:4,,10.39,,815.4971313,,31149,Linear,0.000, ,N/A,,N/A,,,,,1
SQDG-34:4,,10.33,,832.5278931,,31149,Linear,0.000, ,N/A,,N/A,,,,,2
SQDG-34:4,,10.35,,837.4764404,,31149,Linear,0.000, ,N/A,,N/A,,,,,3
PC-32:1,,10.68,,732.5540771,,1066848,Linear,0.000, ,N/A,,N/A,,,,,1
PC-32:1,,11.24,,749.5834351,,1066848,Linear,0.000, ,N/A,,N/A,,,,,2
PC-32:1,,10.67,,754.5342407,,1066848,Linear,0.000, ,N/A,,N/A,,,,,3
PC-30:0,,10.78,,706.5385742,,1090219,Linear,0.000, ,N/A,,N/A,,,,,1
PC-30:0,,10.77,,728.5209961,,1090219,Linear,0.000, ,N/A,,N/A,,,,,2
PC-30:0,,10.74,,723.5617065,,1090219,Linear,0.000, ,N/A,,N/A,,,,,3
PC-33:1,,10.64,,746.5687866,,583515,Linear,0.000, ,N/A,,N/A,,,,,1
PC-33:1,,10.83,,763.5996704,,583515,Linear,0.000, ,N/A,,N/A,,,,,2
PC-33:1,,11.16,,768.5522461,,583515,Linear,0.000, ,N/A,,N/A,,,,,3
SQDG-30:0,,10.48,,789.4798584,,2206024,Linear,0.000, ,N/A,,N/A,,,,,1
SQDG-30:0,,11.01,,767.4935913,,2206024,Linear,0.000, ,N/A,,N/A,,,,,2
SQDG-30:0,,10.49,,784.524292,,2206024,Linear,0.000, ,N/A,,N/A,,,,,3
SQDG-36:2,,10.75,,864.5839844,,1183,Linear,0.000, ,N/A,,N/A,,,,,2
SQDG-36:2,,N/F,,N/F,,1183,Linear,0.000, ,N/F,,N/F,,,,,1
SQDG-36:2,,N/F,,N/F,,1183,Linear,0.000, ,N/F,,N/F,,,,,3
DGCC-30:0,,10.63,,700.5725708,,1313218,Linear,0.000, ,N/A,,N/A,,,,,1
DGCC-30:0,,10.6,,717.5970459,,1313218,Linear,0.000, ,N/A,,N/A,,,,,2
DGCC-30:0,,10.5,,722.5570068,,1313218,Linear,0.000, ,N/A,,N/A,,,,,3
PC-31:1,,10.74,,718.538147,,506721,Linear,0.000, ,N/A,,N/A,,,,,1
PC-31:1,,11,,740.5209351,,506721,Linear,0.000, ,N/A,,N/A,,,,,3
PC-31:1,,N/F,,N/F,,506721,Linear,0.000, ,N/F,,N/F,,,,,2
PC-37:6,,10.38,,792.5551758,,29449,Linear,0.000, ,N/A,,N/A,,,,,1
PC-37:6,,10.68,,809.576416,,29449,Linear,0.000, ,N/A,,N/A,,,,,2
PC-37:6,,11.06,,814.5375366,,29449,Linear,0.000, ,N/A,,N/A,,,,,3
PC-29:0,,10.83,,692.5232544,,1114017,Linear,0.000, ,N/A,,N/A,,,,,1
PC-29:0,,10.83,,714.5053101,,1114017,Linear,0.000, ,N/A,,N/A,,,,,2
PC-29:0,,10.78,,709.5471191,,1114017,Linear,0.000, ,N/A,,N/A,,,,,3
SQDG-32:2,,10.35,,808.5250244,,16131,Linear,0.000, ,N/A,,N/A,,,,,2
SQDG-32:2,,10.34,,813.477417,,16131,Linear,0.000, ,N/A,,N/A,,,,,3
SQDG-32:2,,N/F,,N/F,,16131,Linear,0.000, ,N/F,,N/F,,,,,1
DGCC-27:0,,10.8,,658.5259399,,1342187,Linear,0.000, ,N/A,,N/A,,,,,1
DGCC-27:0,,10.74,,675.5505981,,1342187,Linear,0.000, ,N/A,,N/A,,,,,2
DGCC-27:0,,10.56,,680.5072632,,1342187,Linear,0.000, ,N/A,,N/A,,,,,3
PC-36:1,,10.54,,788.6168823,,110220,Linear,0.000, ,N/A,,N/A,,,,,1
PC-36:1,,10.35,,810.6021118,,110220,Linear,0.000, ,N/A,,N/A,,,,,3
PC-36:1,,N/F,,N/F,,110220,Linear,0.000, ,N/F,,N/F,,,,,2
DGCC-26:0,,10.85,,644.5106201,,461410,Linear,0.000, ,N/A,,N/A,,,,,1
DGCC-26:0,,10.81,,661.5358887,,461410,Linear,0.000, ,N/A,,N/A,,,,,2
DGCC-26:0,,10.72,,666.4928589,,461410,Linear,0.000, ,N/A,,N/A,,,,,3
PC-33:6,,10.68,,753.5151978,,1310,Linear,0.000, ,N/A,,N/A,,,,,2
PC-33:6,,11.25,,758.4745483,,1310,Linear,0.000, ,N/A,,N/A,,,,,3
PC-33:6,,N/F,,N/F,,1310,Linear,0.000, ,N/F,,N/F,,,,,1
PC-27:0,,10.92,,664.4915161,,1371278,Linear,0.000, ,N/A,,N/A,,,,,1
PC-27:0,,10.86,,681.5166626,,1371278,Linear,0.000, ,N/A,,N/A,,,,,2
PC-27:0,,10.93,,686.4745483,,1371278,Linear,0.000, ,N/A,,N/A,,,,,3
PC-32:6,,10.98,,739.5026855,,967,Linear,0.000, ,N/A,,N/A,,,,,1
PC-32:6,,N/F,,N/F,,967,Linear,0.000, ,N/F,,N/F,,,,,2
PC-32:6,,N/F,,N/F,,967,Linear,0.000, ,N/F,,N/F,,,,,3
DGCC-31:1,,10.56,,712.5723267,,152851,Linear,0.000, ,N/A,,N/A,,,,,1
DGCC-31:1,,N/F,,N/F,,152851,Linear,0.000, ,N/F,,N/F,,,,,2
DGCC-31:1,,N/F,,N/F,,152851,Linear,0.000, ,N/F,,N/F,,,,,3
PE-DAG/AEG-36:2,,10.63,,744.553772,,232785,Linear,0.000, ,N/A,,N/A,,,,,1
PE-DAG/AEG-36:2,,10.95,,766.5356445,,232785,Linear,0.000, ,N/A,,N/A,,,,,3
PE-DAG/AEG-36:2,,N/F,,N/F,,232785,Linear,0.000, ,N/F,,N/F,,,,,2
PC-35:1,,10.57,,762.5977173,,336788,Linear,0.000, ,N/A,,N/A,,,,,1
PC-35:1,,10.53,,784.5838013,,336788,Linear,0.000, ,N/A,,N/A,,,,,3
PC-35:1,,N/F,,N/F,,336788,Linear,0.000, ,N/F,,N/F,,,,,2
PE-DAG/AEG-35:1,,10.68,,732.5540771,,1066848,Linear,0.000, ,N/A,,N/A,,,,,1
PE-DAG/AEG-35:1,,11.24,,749.5834351,,1066848,Linear,0.000, ,N/A,,N/A,,,,,2
PE-DAG/AEG-35:1,,10.67,,754.5342407,,1066848,Linear,0.000, ,N/A,,N/A,,,,,3
PC-35:0,,10.53,,786.6004028,,328193,Linear,0.000, ,N/A,,N/A,,,,,1
PC-35:0,,10.8,,764.616272,,328193,Linear,0.000, ,N/A,,N/A,,,,,2
PC-35:0,,N/F,,N/F,,328193,Linear,0.000, ,N/F,,N/F,,,,,3
PC-36:10,,10.65,,770.4724731,,945,Linear,0.000, ,N/A,,N/A,,,,,1
PC-36:10,,11.39,,787.4983521,,945,Linear,0.000, ,N/A,,N/A,,,,,2
PC-36:10,,N/F,,N/F,,945,Linear,0.000, ,N/F,,N/F,,,,,3
PE-DAG/AEG-31:1,,10.81,,676.4885864,,89349,Linear,0.000, ,N/A,,N/A,,,,,1
PE-DAG/AEG-31:1,,11.07,,698.4748535,,89349,Linear,0.000, ,N/A,,N/A,,,,,2
PE-DAG/AEG-31:1,,11.38,,693.5211182,,89349,Linear,0.000, ,N/A,,N/A,,,,,3
PE-DAG/AEG-31:2,,11.1,,674.4745483,,973,Linear,0.000, ,N/A,,N/A,,,,,1
PE-DAG/AEG-31:2,,N/F,,N/F,,973,Linear,0.000, ,N/F,,N/F,,,,,2
PE-DAG/AEG-31:2,,N/F,,N/F,,973,Linear,0.000, ,N/F,,N/F,,,,,3
PE-DAG/AEG-33:2,,10.97,,702.5081177,,72747,Linear,0.000, ,N/A,,N/A,,,,,1
PE-DAG/AEG-33:2,,11.01,,724.4909668,,72747,Linear,0.000, ,N/A,,N/A,,,,,2
PE-DAG/AEG-33:2,,11.23,,719.536499,,72747,Linear,0.000, ,N/A,,N/A,,,,,3
PC-34:4,,10.95,,754.5384521,,34435,Linear,0.000, ,N/A,,N/A,,,,,1
PC-34:4,,10.67,,771.5678711,,34435,Linear,0.000, ,N/A,,N/A,,,,,2
PC-34:4,,N/F,,N/F,,34435,Linear,0.000, ,N/F,,N/F,,,,,3
PE-DAG/AEG-29:1,,11.39,,648.4605103,,47281,Linear,0.000, ,N/A,,N/A,,,,,1
PE-DAG/AEG-29:1,,10.77,,665.4893799,,47281,Linear,0.000, ,N/A,,N/A,,,,,2
PE-DAG/AEG-29:1,,N/F,,N/F,,47281,Linear,0.000, ,N/F,,N/F,,,,,3
PE-DAG/AEG-30:0,,10.92,,664.4915161,,1371278,Linear,0.000, ,N/A,,N/A,,,,,1
PE-DAG/AEG-30:0,,10.93,,686.4745483,,1371278,Linear,0.000, ,N/A,,N/A,,,,,2
PE-DAG/AEG-30:0,,10.86,,681.5166626,,1371278,Linear,0.000, ,N/A,,N/A,,,,,3
PE-DAG/AEG-30:1,,11.07,,662.4752808,,90090,Linear,0.000, ,N/A,,N/A,,,,,1
PE-DAG/AEG-30:1,,11.18,,684.4595337,,90090,Linear,0.000, ,N/A,,N/A,,,,,2
PE-DAG/AEG-30:1,,N/F,,N/F,,90090,Linear,0.000, ,N/F,,N/F,,,,,3
PE-DAG/AEG-31:0,,10.88,,678.5073242,,1910748,Linear,0.000, ,N/A,,N/A,,,,,1
PE-DAG/AEG-31:0,,10.82,,695.5336914,,1910748,Linear,0.000, ,N/A,,N/A,,,,,2
PE-DAG/AEG-31:0,,10.88,,700.4898071,,1910748,Linear,0.000, ,N/A,,N/A,,,,,3
PE-DAG/AEG-32:0,,10.99,,690.5073242,,226276,Linear,0.000, ,N/A,,N/A,,,,,1
PE-DAG/AEG-32:0,,11.02,,712.4916992,,226276,Linear,0.000, ,N/A,,N/A,,,,,2
PE-DAG/AEG-32:0,,N/F,,N/F,,226276,Linear,0.000, ,N/F,,N/F,,,,,3
PE-DAG/AEG-32:1,,10.98,,688.4921875,,57762,Linear,0.000, ,N/A,,N/A,,,,,1
PE-DAG/AEG-32:1,,10.97,,710.473999,,57762,Linear,0.000, ,N/A,,N/A,,,,,2
PE-DAG/AEG-32:1,,N/F,,N/F,,57762,Linear,0.000, ,N/F,,N/F,,,,,3
PE-DAG/AEG-38:6,,10.81,,781.5466919,,350,Linear,0.000, ,N/A,,N/A,,,,,2
PE-DAG/AEG-38:6,,N/F,,N/F,,350,Linear,0.000, ,N/F,,N/F,,,,,1
PE-DAG/AEG-38:6,,N/F,,N/F,,350,Linear,0.000, ,N/F,,N/F,,,,,3
PE-DAG/AEG-40:6,,10.81,,792.5567017,,14288,Linear,0.000, ,N/A,,N/A,,,,,1
PE-DAG/AEG-40:6,,10.68,,809.576416,,14288,Linear,0.000, ,N/A,,N/A,,,,,2
PE-DAG/AEG-40:6,,11.06,,814.5375366,,14288,Linear,0.000, ,N/A,,N/A,,,,,3
PE-DAG/AEG-40:7,,10.56,,812.5235596,,3917,Linear,0.000, ,N/A,,N/A,,,,,3
PE-DAG/AEG-40:7,,N/F,,N/F,,3917,Linear,0.000, ,N/F,,N/F,,,,,1
PE-DAG/AEG-40:7,,N/F,,N/F,,3917,Linear,0.000, ,N/F,,N/F,,,,,2
PE-DAG/AEG-44:12,,10.86,,858.5079956,,366,Linear,0.000, ,N/A,,N/A,,,,,3
PE-DAG/AEG-44:12,,N/F,,N/F,,366,Linear,0.000, ,N/F,,N/F,,,,,1
PE-DAG/AEG-44:12,,N/F,,N/F,,366,Linear,0.000, ,N/F,,N/F,,,,,2
PE-DEG-35:3,,10.54,,700.5634155,,1385,Linear,0.000, ,N/A,,N/A,,,,,1
PE-DEG-35:3,,10.99,,717.5921631,,1385,Linear,0.000, ,N/A,,N/A,,,,,2
PE-DEG-35:3,,N/F,,N/F,,1385,Linear,0.000, ,N/F,,N/F,,,,,3
PE-DAG/AEG-29:0,,10.98,,650.4761963,,1099253,Linear,0.000, ,N/A,,N/A,,,,,1
PE-DAG/AEG-29:0,,10.99,,672.4588623,,1099253,Linear,0.000, ,N/A,,N/A,,,,,2
PE-DAG/AEG-29:0,,10.95,,667.4992676,,1099253,Linear,0.000, ,N/A,,N/A,,,,,3
PE-DAG/AEG-34:1,,10.78,,706.5385742,,1090817,Linear,0.000, ,N/A,,N/A,,,,,1
PE-DAG/AEG-34:1,,10.74,,723.5617065,,1090817,Linear,0.000, ,N/A,,N/A,,,,,2
PE-DAG/AEG-34:1,,10.77,,728.5209961,,1090817,Linear,0.000, ,N/A,,N/A,,,,,3
PE-DAG/AEG-34:2,,10.97,,716.5227661,,396093,Linear,0.000, ,N/A,,N/A,,,,,1
PE-DAG/AEG-34:2,,10.97,,716.5227661,,396093,Linear,0.000, ,N/A,,N/A,,,,,2
PE-DAG/AEG-34:2,,10.97,,738.503418,,396093,Linear,0.000, ,N/A,,N/A,,,,,3
PE-DAG/AEG-34:2,,10.97,,738.503418,,396093,Linear,0.000, ,N/A,,N/A,,,,,5
PE-DAG/AEG-34:2,,N/F,,N/F,,396093,Linear,0.000, ,N/F,,N/F,,,,,4
PE-DAG/AEG-34:2,,N/F,,N/F,,396093,Linear,0.000, ,N/F,,N/F,,,,,6
PE-DAG/AEG-35:4,,11.01,,726.5048828,,39479,Linear,0.000, ,N/A,,N/A,,,,,1
PE-DAG/AEG-35:4,,11.01,,748.4899292,,39479,Linear,0.000, ,N/A,,N/A,,,,,3
PE-DAG/AEG-35:4,,N/F,,N/F,,39479,Linear,0.000, ,N/F,,N/F,,,,,2
PE-DAG/AEG-28:0,,11.06,,636.4608154,,302381,Linear,0.000, ,N/A,,N/A,,,,,1
PE-DAG/AEG-28:0,,10.99,,653.4852295,,302381,Linear,0.000, ,N/A,,N/A,,,,,2
PE-DAG/AEG-28:0,,11.24,,658.4425659,,302381,Linear,0.000, ,N/A,,N/A,,,,,3
PE-DAG/AEG-35:2,,10.64,,730.5397339,,382047,Linear,0.000, ,N/A,,N/A,,,,,1
PE-DAG/AEG-35:2,,11.01,,752.522583,,382047,Linear,0.000, ,N/A,,N/A,,,,,3
PE-DAG/AEG-35:2,,N/F,,N/F,,382047,Linear,0.000, ,N/F,,N/F,,,,,2
PC-33:5,,10.97,,738.503418,,16591,Linear,0.000, ,N/A,,N/A,,,,,1
PC-33:5,,10.96,,760.4855957,,16591,Linear,0.000, ,N/A,,N/A,,,,,3
PC-33:5,,N/F,,N/F,,16591,Linear,0.000, ,N/F,,N/F,,,,,2
PC-33:0,,10.65,,748.5838013,,273820,Linear,0.000, ,N/A,,N/A,,,,,1
PC-33:0,,10.63,,770.5675049,,273820,Linear,0.000, ,N/A,,N/A,,,,,3
PC-33:0,,N/F,,N/F,,273820,Linear,0.000, ,N/F,,N/F,,,,,2
PE-DEG-30:0,,11.07,,636.5334473,,18350,Linear,0.000, ,N/A,,N/A,,,,,1
PE-DEG-30:0,,11.37,,653.557373,,18350,Linear,0.000, ,N/A,,N/A,,,,,2
PE-DEG-30:0,,11.06,,658.5113525,,18350,Linear,0.000, ,N/A,,N/A,,,,,3
SQDG-30:1,,10.87,,782.5080566,,561,Linear,0.000, ,N/A,,N/A,,,,,2
SQDG-30:1,,N/F,,N/F,,561,Linear,0.000, ,N/F,,N/F,,,,,1
SQDG-30:1,,N/F,,N/F,,561,Linear,0.000, ,N/F,,N/F,,,,,3
PC-DEG-26:0,,11.28,,639.4488525,,687,Linear,0.000, ,N/A,,N/A,,,,,2
PC-DEG-26:0,,10.97,,644.4022827,,687,Linear,0.000, ,N/A,,N/A,,,,,3
PC-DEG-26:0,,N/F,,N/F,,687,Linear,0.000, ,N/F,,N/F,,,,,1
PE-DAG/AEG-33:1,,10.75,,704.5230713,,618224,Linear,0.000, ,N/A,,N/A,,,,,1
PE-DAG/AEG-33:1,,11.01,,726.5048828,,618224,Linear,0.000, ,N/A,,N/A,,,,,3
PE-DAG/AEG-33:1,,N/F,,N/F,,618224,Linear,0.000, ,N/F,,N/F,,,,,2
PC-26:0,,10.98,,650.4761963,,1099253,Linear,0.000, ,N/A,,N/A,,,,,1
PC-26:0,,10.95,,667.4992676,,1099253,Linear,0.000, ,N/A,,N/A,,,,,2
PC-26:0,,10.99,,672.4588623,,1099253,Linear,0.000, ,N/A,,N/A,,,,,3
2Gly-GDGT-2,,11.33,,1643.378174,,446,Linear,0.000, ,N/A,,N/A,,,,,3
2Gly-GDGT-2,,N/F,,N/F,,446,Linear,0.000, ,N/F,,N/F,,,,,1
2Gly-GDGT-2,,N/F,,N/F,,446,Linear,0.000, ,N/F,,N/F,,,,,2
SQDG-26:0,,11.36,,728.4577026,,7687,Linear,0.000, ,N/A,,N/A,,,,,2
SQDG-26:0,,11.47,,733.4144287,,7687,Linear,0.000, ,N/A,,N/A,,,,,3
SQDG-26:0,,N/F,,N/F,,7687,Linear,0.000, ,N/F,,N/F,,,,,1
2Gly-OH-GDGT-0,,12.11,,1658.444214,,486,Linear,0.000, ,N/A,,N/A,,,,,2
2Gly-OH-GDGT-0,,N/F,,N/F,,486,Linear,0.000, ,N/F,,N/F,,,,,1
2Gly-OH-GDGT-0,,N/F,,N/F,,486,Linear,0.000, ,N/F,,N/F,,,,,3
DGCC-22:4,,11.89,,597.4136963,,278,Linear,0.000, ,N/A,,N/A,,,,,2
DGCC-22:4,,N/F,,N/F,,278,Linear,0.000, ,N/F,,N/F,,,,,1
DGCC-22:4,,N/F,,N/F,,278,Linear,0.000, ,N/F,,N/F,,,,,3
DGCC-42:6,,11.93,,861.5966797,,360,Linear,0.000, ,N/A,,N/A,,,,,2
DGCC-42:6,,N/F,,N/F,,360,Linear,0.000, ,N/F,,N/F,,,,,1
DGCC-42:6,,N/F,,N/F,,360,Linear,0.000, ,N/F,,N/F,,,,,3
DGDG-34:1,,11.86,,936.6646118,,35423,Linear,0.000, ,N/A,,N/A,,,,,1
DGDG-34:1,,11.86,,941.6141357,,35423,Linear,0.000, ,N/A,,N/A,,,,,2
DGDG-34:1,,N/F,,N/F,,35423,Linear,0.000, ,N/F,,N/F,,,,,3
DGCC-24:2,,11.94,,612.4472656,,596,Linear,0.000, ,N/A,,N/A,,,,,1
DGCC-24:2,,11.77,,629.470459,,596,Linear,0.000, ,N/A,,N/A,,,,,2
DGCC-24:2,,N/F,,N/F,,596,Linear,0.000, ,N/F,,N/F,,,,,3
DGDG-32:1,,11.97,,908.6310425,,70243,Linear,0.000, ,N/A,,N/A,,,,,1
DGDG-32:1,,11.95,,913.5878296,,70243,Linear,0.000, ,N/A,,N/A,,,,,2
DGDG-32:1,,N/F,,N/F,,70243,Linear,0.000, ,N/F,,N/F,,,,,3
DGCC-36:6,,12.14,,794.5530396,,371,Linear,0.000, ,N/A,,N/A,,,,,3
DGCC-36:6,,N/F,,N/F,,371,Linear,0.000, ,N/F,,N/F,,,,,1
DGCC-36:6,,N/F,,N/F,,371,Linear,0.000, ,N/F,,N/F,,,,,2
DGDG-34:6,,11.61,,926.5855103,,377,Linear,0.000, ,N/A,,N/A,,,,,1
DGDG-34:6,,N/F,,N/F,,377,Linear,0.000, ,N/F,,N/F,,,,,2
DGDG-34:6,,N/F,,N/F,,377,Linear,0.000, ,N/F,,N/F,,,,,3
DGDG-32:0,,11.97,,910.644165,,4152,Linear,0.000, ,N/A,,N/A,,,,,1
DGDG-32:0,,11.99,,915.6033325,,4152,Linear,0.000, ,N/A,,N/A,,,,,2
DGDG-32:0,,N/F,,N/F,,4152,Linear,0.000, ,N/F,,N/F,,,,,3
DGDG-34:2,,11.81,,934.6446533,,4881,Linear,0.000, ,N/A,,N/A,,,,,2
DGDG-34:2,,N/F,,N/F,,4881,Linear,0.000, ,N/F,,N/F,,,,,1
DGDG-34:2,,N/F,,N/F,,4881,Linear,0.000, ,N/F,,N/F,,,,,3
DGDG-34:4,,11.95,,913.5878296,,4906,Linear,0.000, ,N/A,,N/A,,,,,1
DGDG-34:4,,N/F,,N/F,,4906,Linear,0.000, ,N/F,,N/F,,,,,2
DGDG-34:4,,N/F,,N/F,,4906,Linear,0.000, ,N/F,,N/F,,,,,3
DGDG-34:3,,11.99,,915.6033325,,477,Linear,0.000, ,N/A,,N/A,,,,,1
DGDG-34:3,,N/F,,N/F,,477,Linear,0.000, ,N/F,,N/F,,,,,2
DGDG-34:3,,N/F,,N/F,,477,Linear,0.000, ,N/F,,N/F,,,,,3
DGDG-30:0,,12.12,,882.6165161,,74822,Linear,0.000, ,N/A,,N/A,,,,,1
DGDG-30:0,,12.14,,887.5701294,,74822,Linear,0.000, ,N/A,,N/A,,,,,2
DGDG-30:0,,12.32,,865.588562,,74822,Linear,0.000, ,N/A,,N/A,,,,,3
Gly-Hp-BDGT-3,,12.01,,1680.42688,,600,Linear,0.000, ,N/A,,N/A,,,,,2
Gly-Hp-BDGT-3,,N/F,,N/F,,600,Linear,0.000, ,N/F,,N/F,,,,,1
Gly-Hp-BDGT-3,,N/F,,N/F,,600,Linear,0.000, ,N/F,,N/F,,,,,3
2Gly-GDGT-1,,12.27,,1645.391968,,430,Linear,0.000, ,N/A,,N/A,,,,,3
2Gly-GDGT-1,,N/F,,N/F,,430,Linear,0.000, ,N/F,,N/F,,,,,1
2Gly-GDGT-1,,N/F,,N/F,,430,Linear,0.000, ,N/F,,N/F,,,,,2
2Gly-PDGT-4,,12.27,,1645.391968,,1111,Linear,0.000, ,N/A,,N/A,,,,,1
2Gly-PDGT-4,,12.38,,1662.412109,,1111,Linear,0.000, ,N/A,,N/A,,,,,2
2Gly-PDGT-4,,N/F,,N/F,,1111,Linear,0.000, ,N/F,,N/F,,,,,3
DGDG-30:2,,11.71,,861.553894,,406,Linear,0.000, ,N/A,,N/A,,,,,2
DGDG-30:2,,N/F,,N/F,,406,Linear,0.000, ,N/F,,N/F,,,,,1
DGDG-30:2,,N/F,,N/F,,406,Linear,0.000, ,N/F,,N/F,,,,,3
DGDG-32:5,,12.08,,883.5435791,,988,Linear,0.000, ,N/A,,N/A,,,,,1
DGDG-32:5,,11.86,,900.5636597,,988,Linear,0.000, ,N/A,,N/A,,,,,2
DGDG-32:5,,12.01,,905.5194702,,988,Linear,0.000, ,N/A,,N/A,,,,,3
DGDG-32:6,,11.82,,898.5550537,,364,Linear,0.000, ,N/A,,N/A,,,,,1
DGDG-32:6,,N/F,,N/F,,364,Linear,0.000, ,N/F,,N/F,,,,,2
DGDG-32:6,,N/F,,N/F,,364,Linear,0.000, ,N/F,,N/F,,,,,3
DGDG-32:4,,12.11,,885.5562744,,22418,Linear,0.000, ,N/A,,N/A,,,,,1
DGDG-32:4,,12.01,,902.5795898,,22418,Linear,0.000, ,N/A,,N/A,,,,,2
DGDG-32:4,,N/F,,N/F,,22418,Linear,0.000, ,N/F,,N/F,,,,,3
DGDG-32:2,,12.36,,889.5839844,,277,Linear,0.000, ,N/A,,N/A,,,,,1
DGDG-32:2,,N/F,,N/F,,277,Linear,0.000, ,N/F,,N/F,,,,,2
DGDG-32:2,,N/F,,N/F,,277,Linear,0.000, ,N/F,,N/F,,,,,3
IS-PC-16:0,,12.3,,524.371521,,6836288,Linear,0.000, ,N/A,,N/A,,,,,1
IS-PC-16:0,,12.7,,541.3966675,,6836288,Linear,0.000, ,N/A,,N/A,,,,,2
IS-PC-16:0,,12.3,,546.3531494,,6836288,Linear,0.000, ,N/A,,N/A,,,,,3
DGDG-28:0,,12.26,,854.5845947,,103584,Linear,0.000, ,N/A,,N/A,,,,,2
DGDG-28:0,,12.26,,859.5403442,,103584,Linear,0.000, ,N/A,,N/A,,,,,3
DGDG-28:0,,N/F,,N/F,,103584,Linear,0.000, ,N/F,,N/F,,,,,1
C16PAF,,12.3,,524.371521,,6836288,Linear,0.000, ,N/A,,N/A,,,,,1
C16PAF,,12.7,,541.3966675,,6836288,Linear,0.000, ,N/A,,N/A,,,,,2
C16PAF,,12.3,,546.3531494,,6836288,Linear,0.000, ,N/A,,N/A,,,,,3
PC-DEG-30:2,,12.32,,705.5913086,,45865,Linear,0.000, ,N/A,,N/A,,,,,1
PC-DEG-30:2,,N/F,,N/F,,45865,Linear,0.000, ,N/F,,N/F,,,,,2
PC-DEG-30:2,,N/F,,N/F,,45865,Linear,0.000, ,N/F,,N/F,,,,,3
DGDG-31:1,,12.05,,894.6164551,,3158,Linear,0.000, ,N/A,,N/A,,,,,2
DGDG-31:1,,N/F,,N/F,,3158,Linear,0.000, ,N/F,,N/F,,,,,1
DGDG-31:1,,N/F,,N/F,,3158,Linear,0.000, ,N/F,,N/F,,,,,3
DGCC-23:0,,12.41,,624.4425049,,307,Linear,0.000, ,N/A,,N/A,,,,,3
DGCC-23:0,,N/F,,N/F,,307,Linear,0.000, ,N/F,,N/F,,,,,1
DGCC-23:0,,N/F,,N/F,,307,Linear,0.000, ,N/F,,N/F,,,,,2
DGCC-21:0,,12.27,,574.4294434,,722,Linear,0.000, ,N/A,,N/A,,,,,1
DGCC-21:0,,N/F,,N/F,,722,Linear,0.000, ,N/F,,N/F,,,,,2
DGCC-21:0,,N/F,,N/F,,722,Linear,0.000, ,N/F,,N/F,,,,,3
DGCC-19:0,,12.39,,568.3812866,,504,Linear,0.000, ,N/A,,N/A,,,,,3
DGCC-19:0,,N/F,,N/F,,504,Linear,0.000, ,N/F,,N/F,,,,,1
DGCC-19:0,,N/F,,N/F,,504,Linear,0.000, ,N/F,,N/F,,,,,2
DGCC-17:0,,13.49,,518.3712158,,1345,Linear,0.000, ,N/A,,N/A,,,,,1
DGCC-17:0,,12.61,,540.3491821,,1345,Linear,0.000, ,N/A,,N/A,,,,,3
DGCC-17:0,,N/F,,N/F,,1345,Linear,0.000, ,N/F,,N/F,,,,,2
DGCC-16:0,,12.77,,504.353241,,631,Linear,0.000, ,N/A,,N/A,,,,,1
DGCC-16:0,,13.21,,526.3365479,,631,Linear,0.000, ,N/A,,N/A,,,,,3
DGCC-16:0,,N/F,,N/F,,631,Linear,0.000, ,N/F,,N/F,,,,,2
DGCC-23:6,,16.85,,590.3681641,,214,Linear,0.000, ,N/A,,N/A,,,,,1
DGCC-23:6,,N/F,,N/F,,214,Linear,0.000, ,N/F,,N/F,,,,,2
DGCC-23:6,,N/F,,N/F,,214,Linear,0.000, ,N/F,,N/F,,,,,3
ARCHAEOL,,N/F,,N/F,,N/F,Linear,0.000, ,N/F,ng,N/F,ng,,,,1
ARCHAEOL,,N/F,,N/F,,N/F,Linear,0.000, ,N/F,ng,N/F,ng,,,,2
ARCHAEOL,,N/F,,N/F,,N/F,Linear,0.000, ,N/F,ng,N/F,ng,,,,3
HPH-GDGT-1,,N/F,,N/F,,N/F,Linear,0.000, ,N/F,,N/F,,,,,1
HPH-GDGT-1,,N/F,,N/F,,N/F,Linear,0.000, ,N/F,,N/F,,,,,2
HPH-GDGT-1,,N/F,,N/F,,N/F,Linear,0.000, ,N/F,,N/F,,,,,3
Gly-PDGT-0,,N/F,,N/F,,N/F,Linear,0.000, ,N/F,,N/F,,,,,1
Gly-PDGT-0,,N/F,,N/F,,N/F,Linear,0.000, ,N/F,,N/F,,,,,2
Gly-PDGT-0,,N/F,,N/F,,N/F,Linear,0.000, ,N/F,,N/F,,,,,3
Gly-GDGT-4,,N/F,,N/F,,N/F,Linear,0.000, ,N/F,,N/F,,,,,1
Gly-GDGT-4,,N/F,,N/F,,N/F,Linear,0.000, ,N/F,,N/F,,,,,2
Gly-GDGT-4,,N/F,,N/F,,N/F,Linear,0.000, ,N/F,,N/F,,,,,3
MGDG-36:10,,N/F,,N/F,,N/F,Linear,0.000, ,N/F,,N/F,,,,,1
MGDG-36:10,,N/F,,N/F,,N/F,Linear,0.000, ,N/F,,N/F,,,,,2
MGDG-36:10,,N/F,,N/F,,N/F,Linear,0.000, ,N/F,,N/F,,,,,3
Gly-GDGT-2,,N/F,,N/F,,N/F,Linear,0.000, ,N/F,,N/F,,,,,1
Gly-GDGT-2,,N/F,,N/F,,N/F,Linear,0.000, ,N/F,,N/F,,,,,2
Gly-GDGT-2,,N/F,,N/F,,N/F,Linear,0.000, ,N/F,,N/F,,,,,3
Gly-GDGT-1,,N/F,,N/F,,N/F,Linear,0.000, ,N/F,,N/F,,,,,1
Gly-GDGT-1,,N/F,,N/F,,N/F,Linear,0.000, ,N/F,,N/F,,,,,2
Gly-GDGT-1,,N/F,,N/F,,N/F,Linear,0.000, ,N/F,,N/F,,,,,3
Gly-OH-GDGT-1,,N/F,,N/F,,N/F,Linear,0.000, ,N/F,,N/F,,,,,1
Gly-OH-GDGT-1,,N/F,,N/F,,N/F,Linear,0.000, ,N/F,,N/F,,,,,2
Gly-OH-GDGT-1,,N/F,,N/F,,N/F,Linear,0.000, ,N/F,,N/F,,,,,3
HPH-GDGT-5,,N/F,,N/F,,N/F,Linear,0.000, ,N/F,,N/F,,,,,1
HPH-GDGT-5,,N/F,,N/F,,N/F,Linear,0.000, ,N/F,,N/F,,,,,2
HPH-GDGT-5,,N/F,,N/F,,N/F,Linear,0.000, ,N/F,,N/F,,,,,3
MGDG-36:0,,N/F,,N/F,,N/F,Linear,0.000, ,N/F,,N/F,,,,,1
MGDG-36:0,,N/F,,N/F,,N/F,Linear,0.000, ,N/F,,N/F,,,,,2
MGDG-36:0,,N/F,,N/F,,N/F,Linear,0.000, ,N/F,,N/F,,,,,3
Gly-GDGT-3,,N/F,,N/F,,N/F,Linear,0.000, ,N/F,,N/F,,,,,1
Gly-GDGT-3,,N/F,,N/F,,N/F,Linear,0.000, ,N/F,,N/F,,,,,2
Gly-GDGT-3,,N/F,,N/F,,N/F,Linear,0.000, ,N/F,,N/F,,,,,3
HPH-GDGT-0,,N/F,,N/F,,N/F,Linear,0.000, ,N/F,,N/F,,,,,1
HPH-GDGT-0,,N/F,,N/F,,N/F,Linear,0.000, ,N/F,,N/F,,,,,2
HPH-GDGT-0,,N/F,,N/F,,N/F,Linear,0.000, ,N/F,,N/F,,,,,3
HPH-GDGT-2,,N/F,,N/F,,N/F,Linear,0.000, ,N/F,,N/F,,,,,1
HPH-GDGT-2,,N/F,,N/F,,N/F,Linear,0.000, ,N/F,,N/F,,,,,2
HPH-GDGT-2,,N/F,,N/F,,N/F,Linear,0.000, ,N/F,,N/F,,,,,3
Gly-GDGT-5,,N/F,,N/F,,N/F,Linear,0.000, ,N/F,,N/F,,,,,1
Gly-GDGT-5,,N/F,,N/F,,N/F,Linear,0.000, ,N/F,,N/F,,,,,2
Gly-GDGT-5,,N/F,,N/F,,N/F,Linear,0.000, ,N/F,,N/F,,,,,3
MGDG-41:3,,N/F,,N/F,,N/F,Linear,0.000, ,N/F,,N/F,,,,,1
MGDG-41:3,,N/F,,N/F,,N/F,Linear,0.000, ,N/F,,N/F,,,,,2
MGDG-41:3,,N/F,,N/F,,N/F,Linear,0.000, ,N/F,,N/F,,,,,3
MGDG-24:0,,N/F,,N/F,,N/F,Linear,0.000, ,N/F,,N/F,,,,,1
MGDG-24:0,,N/F,,N/F,,N/F,Linear,0.000, ,N/F,,N/F,,,,,2
MGDG-24:0,,N/F,,N/F,,N/F,Linear,0.000, ,N/F,,N/F,,,,,3
MGDG-24:0,,N/F,,N/F,,N/F,Linear,0.000, ,N/F,,N/F,,,,,4
MGDG-24:0,,N/F,,N/F,,N/F,Linear,0.000, ,N/F,,N/F,,,,,5
MGDG-24:0,,N/F,,N/F,,N/F,Linear,0.000, ,N/F,,N/F,,,,,6
Gly-OH-GDGT-4,,N/F,,N/F,,N/F,Linear,0.000, ,N/F,,N/F,,,,,1
Gly-OH-GDGT-4,,N/F,,N/F,,N/F,Linear,0.000, ,N/F,,N/F,,,,,2
Gly-OH-GDGT-4,,N/F,,N/F,,N/F,Linear,0.000, ,N/F,,N/F,,,,,3
Gly-dGly-DAG-13:2,,N/F,,N/F,,N/F,Linear,0.000, ,N/F,,N/F,,,,,1
Gly-dGly-DAG-13:2,,N/F,,N/F,,N/F,Linear,0.000, ,N/F,,N/F,,,,,2
Gly-dGly-DAG-13:2,,N/F,,N/F,,N/F,Linear,0.000, ,N/F,,N/F,,,,,3
Gly-dGly-DAG-15:2,,N/F,,N/F,,N/F,Linear,0.000, ,N/F,,N/F,,,,,1
Gly-dGly-DAG-15:2,,N/F,,N/F,,N/F,Linear,0.000, ,N/F,,N/F,,,,,2
Gly-dGly-DAG-15:2,,N/F,,N/F,,N/F,Linear,0.000, ,N/F,,N/F,,,,,3
DGTS-38:0,,N/F,,N/F,,N/F,Linear,0.000, ,N/F,,N/F,,,,,1
DGTS-38:0,,N/F,,N/F,,N/F,Linear,0.000, ,N/F,,N/F,,,,,2
DGTS-38:0,,N/F,,N/F,,N/F,Linear,0.000, ,N/F,,N/F,,,,,3
DGTS-38:0,,N/F,,N/F,,N/F,Linear,0.000, ,N/F,,N/F,,,,,4
DGTS-38:0,,N/F,,N/F,,N/F,Linear,0.000, ,N/F,,N/F,,,,,5
DGTS-38:0,,N/F,,N/F,,N/F,Linear,0.000, ,N/F,,N/F,,,,,6
DGTS-38:5,,N/F,,N/F,,N/F,Linear,0.000, ,N/F,,N/F,,,,,1
DGTS-38:5,,N/F,,N/F,,N/F,Linear,0.000, ,N/F,,N/F,,,,,2
DGTS-38:5,,N/F,,N/F,,N/F,Linear,0.000, ,N/F,,N/F,,,,,3
DGTS-37:5,,N/F,,N/F,,N/F,Linear,0.000, ,N/F,,N/F,,,,,1
DGTS-37:5,,N/F,,N/F,,N/F,Linear,0.000, ,N/F,,N/F,,,,,2
DGTS-37:5,,N/F,,N/F,,N/F,Linear,0.000, ,N/F,,N/F,,,,,3
DGTS-26:2,,N/F,,N/F,,N/F,Linear,0.000, ,N/F,,N/F,,,,,1
DGTS-26:2,,N/F,,N/F,,N/F,Linear,0.000, ,N/F,,N/F,,,,,2
DGTS-26:2,,N/F,,N/F,,N/F,Linear,0.000, ,N/F,,N/F,,,,,3
DGTA-44:11,,N/F,,N/F,,N/F,Linear,0.000, ,N/F,,N/F,,,,,1
DGTA-44:11,,N/F,,N/F,,N/F,Linear,0.000, ,N/F,,N/F,,,,,2
DGTA-44:11,,N/F,,N/F,,N/F,Linear,0.000, ,N/F,,N/F,,,,,3
DGTA-44:12,,N/F,,N/F,,N/F,Linear,0.000, ,N/F,,N/F,,,,,1
DGTA-44:12,,N/F,,N/F,,N/F,Linear,0.000, ,N/F,,N/F,,,,,2
DGTA-44:12,,N/F,,N/F,,N/F,Linear,0.000, ,N/F,,N/F,,,,,3
DGTA-38:0,,N/F,,N/F,,N/F,Linear,0.000, ,N/F,,N/F,,,,,1
DGTA-38:0,,N/F,,N/F,,N/F,Linear,0.000, ,N/F,,N/F,,,,,2
DGTA-38:0,,N/F,,N/F,,N/F,Linear,0.000, ,N/F,,N/F,,,,,3
DGTA-39:0,,N/F,,N/F,,N/F,Linear,0.000, ,N/F,,N/F,,,,,1
DGTA-39:0,,N/F,,N/F,,N/F,Linear,0.000, ,N/F,,N/F,,,,,2
DGTA-39:0,,N/F,,N/F,,N/F,Linear,0.000, ,N/F,,N/F,,,,,3
PME-DAG-29:4,,N/F,,N/F,,N/F,Linear,0.000, ,N/F,,N/F,,,,,1
PME-DAG-29:4,,N/F,,N/F,,N/F,Linear,0.000, ,N/F,,N/F,,,,,2
PME-DAG-29:4,,N/F,,N/F,,N/F,Linear,0.000, ,N/F,,N/F,,,,,3
PME-DAG-21:0,,N/F,,N/F,,N/F,Linear,0.000, ,N/F,,N/F,,,,,1
PME-DAG-21:0,,N/F,,N/F,,N/F,Linear,0.000, ,N/F,,N/F,,,,,2
PME-DAG-21:0,,N/F,,N/F,,N/F,Linear,0.000, ,N/F,,N/F,,,,,3
PE-DEG-25:4,,N/F,,N/F,,N/F,Linear,0.000, ,N/F,,N/F,,,,,1
PE-DEG-25:4,,N/F,,N/F,,N/F,Linear,0.000, ,N/F,,N/F,,,,,2
PE-DEG-25:4,,N/F,,N/F,,N/F,Linear,0.000, ,N/F,,N/F,,,,,3
PG-DAG-41:4,,N/F,,N/F,,N/F,Linear,0.000, ,N/F,,N/F,,,,,1
PG-DAG-41:4,,N/F,,N/F,,N/F,Linear,0.000, ,N/F,,N/F,,,,,2
PG-DAG-41:4,,N/F,,N/F,,N/F,Linear,0.000, ,N/F,,N/F,,,,,3
PC-38:2,,N/F,,N/F,,N/F,Linear,0.000, ,N/F,,N/F,,,,,1
PC-38:2,,N/F,,N/F,,N/F,Linear,0.000, ,N/F,,N/F,,,,,2
PC-38:2,,N/F,,N/F,,N/F,Linear,0.000, ,N/F,,N/F,,,,,3
PC-39:5,,N/F,,N/F,,N/F,Linear,0.000, ,N/F,,N/F,,,,,1
PC-39:5,,N/F,,N/F,,N/F,Linear,0.000, ,N/F,,N/F,,,,,2
PC-39:5,,N/F,,N/F,,N/F,Linear,0.000, ,N/F,,N/F,,,,,3
SQDG-44:12,,N/F,,N/F,,N/F,Linear,0.000, ,N/F,,N/F,,,,,1
SQDG-44:12,,N/F,,N/F,,N/F,Linear,0.000, ,N/F,,N/F,,,,,2
SQDG-44:12,,N/F,,N/F,,N/F,Linear,0.000, ,N/F,,N/F,,,,,3
SQDG-32:5,,N/F,,N/F,,N/F,Linear,0.000, ,N/F,,N/F,,,,,1
SQDG-32:5,,N/F,,N/F,,N/F,Linear,0.000, ,N/F,,N/F,,,,,2
SQDG-32:5,,N/F,,N/F,,N/F,Linear,0.000, ,N/F,,N/F,,,,,3
SQDG-36:0,,N/F,,N/F,,N/F,Linear,0.000, ,N/F,,N/F,,,,,1
SQDG-36:0,,N/F,,N/F,,N/F,Linear,0.000, ,N/F,,N/F,,,,,2
SQDG-36:0,,N/F,,N/F,,N/F,Linear,0.000, ,N/F,,N/F,,,,,3
SQDG-38:3,,N/F,,N/F,,N/F,Linear,0.000, ,N/F,,N/F,,,,,1
SQDG-38:3,,N/F,,N/F,,N/F,Linear,0.000, ,N/F,,N/F,,,,,2
SQDG-38:3,,N/F,,N/F,,N/F,Linear,0.000, ,N/F,,N/F,,,,,3
SQDG-42:11,,N/F,,N/F,,N/F,Linear,0.000, ,N/F,,N/F,,,,,1
SQDG-42:11,,N/F,,N/F,,N/F,Linear,0.000, ,N/F,,N/F,,,,,2
SQDG-42:11,,N/F,,N/F,,N/F,Linear,0.000, ,N/F,,N/F,,,,,3
SQDG-34:9,,N/F,,N/F,,N/F,Linear,0.000, ,N/F,,N/F,,,,,1
SQDG-34:9,,N/F,,N/F,,N/F,Linear,0.000, ,N/F,,N/F,,,,,2
SQDG-34:9,,N/F,,N/F,,N/F,Linear,0.000, ,N/F,,N/F,,,,,3
PE-DEG-27:4,,N/F,,N/F,,N/F,Linear,0.000, ,N/F,,N/F,,,,,1
PE-DEG-27:4,,N/F,,N/F,,N/F,Linear,0.000, ,N/F,,N/F,,,,,2
PE-DEG-27:4,,N/F,,N/F,,N/F,Linear,0.000, ,N/F,,N/F,,,,,3
PE-DEG-24:3,,N/F,,N/F,,N/F,Linear,0.000, ,N/F,,N/F,,,,,1
PE-DEG-24:3,,N/F,,N/F,,N/F,Linear,0.000, ,N/F,,N/F,,,,,2
PE-DEG-24:3,,N/F,,N/F,,N/F,Linear,0.000, ,N/F,,N/F,,,,,3
SQDG-30:2,,N/F,,N/F,,N/F,Linear,0.000, ,N/F,,N/F,,,,,1
SQDG-30:2,,N/F,,N/F,,N/F,Linear,0.000, ,N/F,,N/F,,,,,2
SQDG-30:2,,N/F,,N/F,,N/F,Linear,0.000, ,N/F,,N/F,,,,,3
2Gly-OH-GDGT-2,,N/F,,N/F,,N/F,Linear,0.000, ,N/F,,N/F,,,,,1
2Gly-OH-GDGT-2,,N/F,,N/F,,N/F,Linear,0.000, ,N/F,,N/F,,,,,2
2Gly-OH-GDGT-2,,N/F,,N/F,,N/F,Linear,0.000, ,N/F,,N/F,,,,,3
SQDG-24:0,,N/F,,N/F,,N/F,Linear,0.000, ,N/F,,N/F,,,,,1
SQDG-24:0,,N/F,,N/F,,N/F,Linear,0.000, ,N/F,,N/F,,,,,2
SQDG-24:0,,N/F,,N/F,,N/F,Linear,0.000, ,N/F,,N/F,,,,,3
DGDG,,N/F,,N/F,,N/F,Linear,0.000, ,N/F,,N/F,,,,,1
DGDG,,N/F,,N/F,,N/F,Linear,0.000, ,N/F,,N/F,,,,,2
DGDG,,N/F,,N/F,,N/F,Linear,0.000, ,N/F,,N/F,,,,,3
DGCC-38:6,,N/F,,N/F,,N/F,Linear,0.000, ,N/F,,N/F,,,,,1
DGCC-38:6,,N/F,,N/F,,N/F,Linear,0.000, ,N/F,,N/F,,,,,2
DGCC-38:6,,N/F,,N/F,,N/F,Linear,0.000, ,N/F,,N/F,,,,,3
SQDG-23:0,,N/F,,N/F,,N/F,Linear,0.000, ,N/F,,N/F,,,,,1
SQDG-23:0,,N/F,,N/F,,N/F,Linear,0.000, ,N/F,,N/F,,,,,2
SQDG-23:0,,N/F,,N/F,,N/F,Linear,0.000, ,N/F,,N/F,,,,,3
DGDG-34:7,,N/F,,N/F,,N/F,Linear,0.000, ,N/F,,N/F,,,,,1
DGDG-34:7,,N/F,,N/F,,N/F,Linear,0.000, ,N/F,,N/F,,,,,2
DGDG-34:7,,N/F,,N/F,,N/F,Linear,0.000, ,N/F,,N/F,,,,,3
DGDG-35:3,,N/F,,N/F,,N/F,Linear,0.000, ,N/F,,N/F,,,,,1
DGDG-35:3,,N/F,,N/F,,N/F,Linear,0.000, ,N/F,,N/F,,,,,2
DGDG-35:3,,N/F,,N/F,,N/F,Linear,0.000, ,N/F,,N/F,,,,,3
DGDG-35:2,,N/F,,N/F,,N/F,Linear,0.000, ,N/F,,N/F,,,,,1
DGDG-35:2,,N/F,,N/F,,N/F,Linear,0.000, ,N/F,,N/F,,,,,2
DGDG-35:2,,N/F,,N/F,,N/F,Linear,0.000, ,N/F,,N/F,,,,,3
DGCC-23:1,,N/F,,N/F,,N/F,Linear,0.000, ,N/F,,N/F,,,,,1
DGCC-23:1,,N/F,,N/F,,N/F,Linear,0.000, ,N/F,,N/F,,,,,2
DGCC-23:1,,N/F,,N/F,,N/F,Linear,0.000, ,N/F,,N/F,,,,,3
2Gly-GDGT-0,,N/F,,N/F,,N/F,Linear,0.000, ,N/F,,N/F,,,,,1
2Gly-GDGT-0,,N/F,,N/F,,N/F,Linear,0.000, ,N/F,,N/F,,,,,2
2Gly-GDGT-0,,N/F,,N/F,,N/F,Linear,0.000, ,N/F,,N/F,,,,,3
Gly-Hp-BDGT-5,,N/F,,N/F,,N/F,Linear,0.000, ,N/F,,N/F,,,,,1
Gly-Hp-BDGT-5,,N/F,,N/F,,N/F,Linear,0.000, ,N/F,,N/F,,,,,2
Gly-Hp-BDGT-5,,N/F,,N/F,,N/F,Linear,0.000, ,N/F,,N/F,,,,,3
2Gly-OH-GDGT-1,,N/F,,N/F,,N/F,Linear,0.000, ,N/F,,N/F,,,,,1
2Gly-OH-GDGT-1,,N/F,,N/F,,N/F,Linear,0.000, ,N/F,,N/F,,,,,2
2Gly-OH-GDGT-1,,N/F,,N/F,,N/F,Linear,0.000, ,N/F,,N/F,,,,,3
DGDG-34:5,,N/F,,N/F,,N/F,Linear,0.000, ,N/F,,N/F,,,,,1
DGDG-34:5,,N/F,,N/F,,N/F,Linear,0.000, ,N/F,,N/F,,,,,2
DGDG-34:5,,N/F,,N/F,,N/F,Linear,0.000, ,N/F,,N/F,,,,,3
Gly-Hp-BDGT-4,,N/F,,N/F,,N/F,Linear,0.000, ,N/F,,N/F,,,,,1
Gly-Hp-BDGT-4,,N/F,,N/F,,N/F,Linear,0.000, ,N/F,,N/F,,,,,2
Gly-Hp-BDGT-4,,N/F,,N/F,,N/F,Linear,0.000, ,N/F,,N/F,,,,,3
